user_id,user_name,user_level,user_guanzhu_num,user_fans_num,user_beifangwen_num,user_huida_num,user_answer_list,user_tiwen_num,user_liuyan_num,user_liuyan_list
213139,狼人193939,20,718,68,490,271,[],5,0,[]
282632,大丁,11,1039,376,4518,0,[],1,1,"[{'liuyan_user_id': '75421362', 'liuyan_time': '2015-12-21 10:42:57'}]"
338185,姣姣,15,1109,2046,9780,5,[],16,0,[]
357912,我游我自在,33,4,143,3611,137,[],0,0,[]
409538,微子,9,557,183,2377,1,[],6,0,[]
453518,吴肉肉,22,396,207,1276,611,[],1,0,[]
513105,青争,37,24,1910,22410,902,[],29,4,"[{'liuyan_user_id': '5682648', 'liuyan_time': '2017-05-03 12:14:29'}, {'liuyan_user_id': '71803344', 'liuyan_time': '2016-03-19 19:17:36'}, {'liuyan_user_id': '513105', 'liuyan_time': '2015-07-29 20:10:02'}, {'liuyan_user_id': '762537', 'liuyan_time': '2015-07-29 15:54:49'}]"
523357,跃然纸上,16,581,114,1195,9,[],5,0,[]
739287,豌豆王子,17,116,57,819,1,[],0,0,[]
837807,boo23,41,96,961,15750,1073,[],4,5,"[{'liuyan_user_id': '17485637', 'liuyan_time': '2016-10-21 15:20:50'}, {'liuyan_user_id': '17485637', 'liuyan_time': '2016-10-19 10:08:39'}, {'liuyan_user_id': '17780454', 'liuyan_time': '2016-06-11 05:29:56'}, {'liuyan_user_id': '74466223', 'liuyan_time': '2016-05-11 09:09:44'}, {'liuyan_user_id': '90132421', 'liuyan_time': '2015-11-16 14:19:11'}]"
915426,笨笨di柒柒,16,95,27,813,11,[],0,0,[]
922929,小猫荼荼,10,752,1394,3851,4,[],5,0,[]
961428,白加黑,26,313,107,1998,625,[],2,1,"[{'liuyan_user_id': '975330', 'liuyan_time': '2015-08-14 12:11:01'}]"
1047807,回忆的沙漏,13,1209,1543,5076,10,[],5,1,"[{'liuyan_user_id': '94111046', 'liuyan_time': '2017-09-12 21:50:38'}]"
1089659,razer,23,140,63,563,40,[],15,0,[]
5175687,红袍守望,30,112,14,2201,466,[],0,0,[]
5248076,saiwenyong,33,501,628,10654,79,[],4,1,"[{'liuyan_user_id': '91900138', 'liuyan_time': '2015-11-25 00:26:49'}]"
5259748,涛声依旧🐟,45,78,6466,68932,18144,[],23,5,"[{'liuyan_user_id': '38328859', 'liuyan_time': '2019-01-21 09:17:32'}, {'liuyan_user_id': '5259748', 'liuyan_time': '2019-01-20 19:01:02'}, {'liuyan_user_id': '38328859', 'liuyan_time': '2019-01-18 10:11:34'}, {'liuyan_user_id': '38328859', 'liuyan_time': '2019-01-18 10:01:32'}, {'liuyan_user_id': '5259748', 'liuyan_time': '2019-01-16 19:31:46'}]"
5289173,sprite_清逸,19,47,13,286,9,[],0,0,[]
10331051,PrajnaTagara,23,33,33,1041,52,[],1,0,[]
10394927,zilan,31,450,49,1284,87,[],2,0,[]
13030704,flyer,22,55,6,257,48,[],3,0,[]
13116127,ㄝ圭 ㄝ圭,24,785,101,4775,748,[],162,0,[]
17400578,snow and moon,39,822,991,16193,1354,[],3,5,"[{'liuyan_user_id': '17400578', 'liuyan_time': '2016-10-25 11:45:01'}, {'liuyan_user_id': '70204528', 'liuyan_time': '2016-10-25 11:27:23'}, {'liuyan_user_id': '5448621', 'liuyan_time': '2016-10-19 17:06:37'}, {'liuyan_user_id': '74953320', 'liuyan_time': '2015-09-06 11:51:45'}, {'liuyan_user_id': '403497', 'liuyan_time': '2015-08-05 19:03:06'}]"
17433832,姚之妖妖,13,47,44,480,2,[],0,0,[]
17460966,紫罗兰,34,660,563,9846,400,[],2,0,[]
17499330,回归小清新,16,3000,226,2322,0,[],5,1,"[{'liuyan_user_id': '71692782', 'liuyan_time': '2018-04-04 20:59:06'}]"
17504786,二界石,15,2121,56,355,196,[],297,0,[]
17563460,天天好心情,35,4,446,7873,154,[],0,0,[]
19128519,闹闹没溜爱耍宝,33,133,116,719,65,[],2,0,[]
19144690,暖暖,38,2614,1555,19621,2388,[],20,5,"[{'liuyan_user_id': '19144690', 'liuyan_time': '2017-11-30 10:31:21'}, {'liuyan_user_id': '43561233', 'liuyan_time': '2017-11-23 16:29:19'}, {'liuyan_user_id': '51232112', 'liuyan_time': '2017-10-11 16:38:13'}, {'liuyan_user_id': '51232112', 'liuyan_time': '2017-09-25 16:20:21'}, {'liuyan_user_id': '19144690', 'liuyan_time': '2016-09-10 17:09:44'}]"
19570243,zuozuoyouyou,7,2335,6,259,1,[],2,0,[]
19914187,叶少,16,3002,1189,2267,127,[],113,1,"[{'liuyan_user_id': '93618197', 'liuyan_time': '2018-10-16 08:25:31'}]"
19916826,yaro,14,3002,1216,2236,155,[],123,0,[]
19920770,一条小鱼干,17,2984,1182,2057,154,[],107,0,[]
19921807,小豆小兜,18,2986,1211,2028,132,[],117,0,[]
19923498,菠菜大大,20,2972,1211,1967,153,[],122,0,[]
19926683,阮绵绵,17,3001,1203,1898,119,[],124,0,[]
19927359,左老板,18,3001,1177,1945,145,[],113,0,[]
19932576,猪或者鱼,19,2771,1179,2051,142,[],128,0,[]
19933334,tyn85926,17,2790,1190,1928,98,[],135,0,[]
19933867,曼联死忠,17,3001,1177,1962,133,[],131,0,[]
19936453,v5,15,2735,1197,2043,134,[],130,0,[]
19941142,陶陶和果果,18,2797,1200,2033,123,[],118,1,"[{'liuyan_user_id': '51743961', 'liuyan_time': '2017-11-10 17:13:41'}]"
19944985,星光灿烂,15,2889,1200,1939,146,[],120,0,[]
19946394,zlian,15,2858,1207,1961,124,[],115,0,[]
19948900,__．缠 綿,18,2665,1171,2043,119,[],110,0,[]
19950435,木木,16,2797,1167,2074,125,[],117,0,[]
19950487,bezhe,18,2739,1197,2032,105,[],140,0,[]
19950503,小皮球佳佳,19,2775,1237,2087,108,[],125,1,"[{'liuyan_user_id': '78972740', 'liuyan_time': '2017-01-25 17:15:21'}]"
19951611,晶莹,19,2910,1179,2008,146,[],108,0,[]
19951986,翠烟寒,18,2771,1170,1817,118,[],115,0,[]
19952250,公婆,19,2862,1170,1965,124,[],109,1,"[{'liuyan_user_id': '93202124', 'liuyan_time': '2016-06-09 13:29:31'}]"
19952713,迷糊娃娃,19,2916,1169,2014,101,[],138,0,[]
19953208,猪的小猪68,19,2879,1199,1985,108,[],122,0,[]
19953296,照相本子h,17,2763,1179,1927,136,[],124,0,[]
19953310,达能,20,2875,1211,1957,113,[],115,0,[]
19953970,烫烫电电,16,2796,1195,2006,135,[],129,0,[]
19954060,天涯行客,17,2804,1189,2041,114,[],119,0,[]
19954243,jjxyly,17,2737,1192,1891,118,[],137,0,[]
19954613,馨露仔,15,2806,1203,2114,120,[],107,0,[]
19954623,风舞烟,18,2860,1502,3213,138,[],114,2,"[{'liuyan_user_id': '93618197', 'liuyan_time': '2018-04-28 08:53:55'}, {'liuyan_user_id': '93618197', 'liuyan_time': '2018-04-28 08:53:52'}]"
19955334,苦哈哈的人民教师,10,2798,1179,2601,130,[],126,2,"[{'liuyan_user_id': '93618197', 'liuyan_time': '2018-12-21 07:53:52'}, {'liuyan_user_id': '71692782', 'liuyan_time': '2018-02-25 02:33:33'}]"
19955475,大馅饺子,15,2771,1179,1936,144,[],123,0,[]
19955715,mihu2,20,2759,1165,2039,109,[],96,0,[]
19956292,念念年年,10,2797,1171,1846,120,[],130,0,[]
19957455,巴尔的喇嘛,16,2910,1181,2006,133,[],115,1,"[{'liuyan_user_id': '77102149', 'liuyan_time': '2018-07-30 21:25:40'}]"
19958025,坝上飞扬,16,2811,1182,1839,127,[],114,0,[]
19958789,丑丑,19,2738,1181,1818,110,[],97,0,[]
19959125,飞花坠雪,17,2706,1203,1930,117,[],116,0,[]
19959150,jessi,19,2771,1174,1843,125,[],121,0,[]
19959274,神秘天蝎,18,2771,1188,1859,114,[],125,0,[]
19959839,小楫夜泊,17,2787,1180,1905,136,[],119,0,[]
19959879,御影水无月,18,2683,1200,1927,110,[],113,0,[]
19960423,独狼,20,2733,1195,2002,121,[],107,0,[]
19960573,倾城之恋,17,2757,1198,1939,124,[],116,2,"[{'liuyan_user_id': '93618197', 'liuyan_time': '2018-07-04 09:48:25'}, {'liuyan_user_id': '75297877', 'liuyan_time': '2016-05-24 19:56:09'}]"
19960784,丛林穿梭,20,2693,1205,1895,120,[],102,0,[]
19961339,快乐老男孩,17,2842,1197,1955,124,[],116,0,[]
19961470,霆锋,13,2769,1203,1863,117,[],116,0,[]
19962405,258大杀器,15,2712,1191,1907,124,[],103,0,[]
19963349,蛋奶星星茶,13,2727,1186,1922,138,[],117,0,[]
19964506,大漠雪狼,19,2763,1186,1755,136,[],111,0,[]
19964565,贪吃鬼秀秀,15,2640,1191,1808,121,[],107,1,"[{'liuyan_user_id': '40263869', 'liuyan_time': '2016-01-04 17:48:39'}]"
19965139,hzhhz,19,2700,1184,2062,119,[],128,1,"[{'liuyan_user_id': '33747568', 'liuyan_time': '2016-03-31 22:54:34'}]"
19965236,一骑征尘,17,2747,1165,1877,123,[],131,0,[]
19965752,花英子,18,2891,1187,1993,141,[],110,1,"[{'liuyan_user_id': '93376327', 'liuyan_time': '2017-01-06 20:15:22'}]"
19966407,蓝梦缥缈,12,2678,1201,1908,110,[],114,0,[]
19966472,紫嫣,17,2785,1199,1924,116,[],141,3,"[{'liuyan_user_id': '316526', 'liuyan_time': '2018-01-27 18:21:49'}, {'liuyan_user_id': '316526', 'liuyan_time': '2018-01-22 15:18:48'}, {'liuyan_user_id': '74225982', 'liuyan_time': '2016-06-13 20:03:02'}]"
19966476,冰凝,18,2812,1198,2054,136,[],108,0,[]
19967723,聂枫,18,2793,1209,1802,133,[],124,0,[]
19967879,腻腻乐,15,2764,1196,1837,122,[],111,0,[]
19968345,凌乱如水,19,2796,1209,1921,110,[],123,0,[]
19969596,李继,19,2725,1194,1763,120,[],113,0,[]
19969856,蓝色水晶泪,16,2776,1201,1905,119,[],116,0,[]
19970666,南村群童,16,2712,1198,1920,130,[],108,0,[]
19971707,小铃铛儿,19,2768,1203,2127,110,[],125,0,[]
19972442,小扎啤,11,2675,1195,1791,110,[],112,0,[]
19972886,章小鱼,19,2618,1203,1902,115,[],115,0,[]
19972924,yuaminta,17,2620,1194,1833,112,[],105,0,[]
19973518,huang,16,2699,1197,1890,125,[],120,0,[]
19973622,joyzhuzhu,19,2737,1182,1799,130,[],141,0,[]
19973967,黄贯中是冠军,19,2697,1197,1875,126,[],121,0,[]
19974098,听风者,17,2597,1200,1878,118,[],136,0,[]
19974690,薄荷棉花糖,18,2733,1169,1941,125,[],112,2,"[{'liuyan_user_id': '42276476', 'liuyan_time': '2017-02-07 19:51:50'}, {'liuyan_user_id': '75421362', 'liuyan_time': '2015-12-21 10:45:00'}]"
19975388,最耐美食,19,2647,1192,1970,137,[],174,0,[]
19975461,忘了飞,19,2662,1185,1790,115,[],105,2,"[{'liuyan_user_id': '78972740', 'liuyan_time': '2017-01-25 17:25:07'}, {'liuyan_user_id': '82300522', 'liuyan_time': '2016-05-17 10:55:51'}]"
19976562,我买了,16,2642,1194,1984,124,[],117,1,"[{'liuyan_user_id': '93618197', 'liuyan_time': '2017-10-13 17:03:56'}]"
19977214,李毅,12,2694,1195,1832,116,[],120,0,[]
19977681,芳草碧色,13,2691,1201,1816,134,[],100,0,[]
19977698,bcacba,16,2744,1205,2334,127,[],109,0,[]
19978153,爱飞的鱼,19,2668,1193,1888,115,[],95,0,[]
19978425,半人马三星,17,2770,1188,1951,148,[],124,0,[]
19978923,海边钓鱼,16,2736,1181,1790,119,[],131,0,[]
19980123,随随看海,19,2746,1190,1938,147,[],133,0,[]
19980843,前田莞雪,19,2714,1181,1948,126,[],124,0,[]
19980925,丽贝卡,15,2710,1195,1873,156,[],120,0,[]
19981316,美美小鱼鱼,16,2658,1187,1882,113,[],111,0,[]
19981361,寒梅,16,2673,1188,1829,128,[],118,1,"[{'liuyan_user_id': '46386901', 'liuyan_time': '2016-04-09 21:17:02'}]"
19981841,紫月亮,18,2689,1180,1893,122,[],109,1,"[{'liuyan_user_id': '316526', 'liuyan_time': '2018-01-16 19:08:13'}]"
19982013,水杯lfj,13,2690,1197,2097,134,[],110,1,"[{'liuyan_user_id': '93618197', 'liuyan_time': '2018-11-30 08:52:56'}]"
19982550,瑶瑶f4,17,2632,1204,2005,128,[],119,0,[]
19982975,迷恋_好好地,20,2632,1173,2015,101,[],117,0,[]
19983342,天命难违,18,2630,1197,1858,129,[],111,0,[]
19983415,精灵的独步舞,10,2636,1214,1933,108,[],138,0,[]
19983540,qiuyebj,10,2611,1208,1820,115,[],134,0,[]
19983681,美安百合花,14,2695,1190,1924,114,[],114,0,[]
19983688,清水幽萍,16,2700,1209,1876,115,[],105,1,"[{'liuyan_user_id': '78972740', 'liuyan_time': '2017-01-25 17:15:54'}]"
19984795,楚烟烟,15,2746,1180,1901,122,[],110,0,[]
19985534,虫虫世界,12,2594,1191,1952,122,[],118,0,[]
19985624,君君c,16,2519,1166,1991,130,[],118,0,[]
19985805,环佩叮珰,15,2535,1200,1807,125,[],124,0,[]
19986620,李宁丽,15,2461,1198,1865,132,[],105,0,[]
19987104,爱在千年梦,11,2404,1178,1848,137,[],102,1,"[{'liuyan_user_id': '93618197', 'liuyan_time': '2018-01-22 17:34:43'}]"
19987346,肥肉楠来也,17,2559,1175,1825,138,[],98,0,[]
19987704,totti,18,2451,1192,1702,113,[],122,0,[]
19988003,膨胀的大白兔...,17,2578,1185,1808,105,[],123,0,[]
19988052,xusin,19,2606,1185,1760,117,[],114,0,[]
19988335,暴力牛仔熊,12,2496,1193,1863,121,[],135,0,[]
19989201,冷月葬花人,17,2563,1189,1902,127,[],132,1,"[{'liuyan_user_id': '19406858', 'liuyan_time': '2016-05-30 20:09:18'}]"
19990038,游游111,15,2462,1192,1752,137,[],107,0,[]
19990052,ROCKERZ,18,2491,1196,1898,127,[],121,1,"[{'liuyan_user_id': '41681944', 'liuyan_time': '2015-07-20 21:44:59'}]"
19990081,嘟嘟鱼,18,2506,1202,1800,112,[],119,1,"[{'liuyan_user_id': '78972740', 'liuyan_time': '2017-01-25 17:17:41'}]"
19990246,荡地,18,2457,1183,1902,131,[],121,0,[]
19990247,开始冻心,20,2513,1182,1724,123,[],114,0,[]
19990333,和平南,18,2566,1181,1729,133,[],129,0,[]
19990352,嘿 想混吗,19,2541,1194,1885,122,[],115,0,[]
19990395,凌乱的胖美美,18,2509,1194,1825,125,[],106,1,"[{'liuyan_user_id': '32905728', 'liuyan_time': '2018-05-05 07:12:01'}]"
19990517,dlyywxy,20,2492,1180,1789,107,[],97,0,[]
19990632,淇淇大人,17,2501,1196,2027,127,[],109,1,"[{'liuyan_user_id': '34301003', 'liuyan_time': '2017-08-06 13:17:47'}]"
19990742,心里美,19,2512,1209,1855,115,[],109,0,[]
19990756,龙歌吟—八月桂花糕,19,2473,1184,1836,119,[],151,0,[]
19990972,萨巴鲁,19,2459,1193,1903,126,[],126,0,[]
19991029,fanke,19,2438,1193,1926,118,[],116,1,"[{'liuyan_user_id': '93618197', 'liuyan_time': '2017-10-02 18:27:02'}]"
19991133,琴心剑气,15,2450,1177,1782,125,[],116,1,"[{'liuyan_user_id': '19124484', 'liuyan_time': '2015-10-27 21:44:12'}]"
19991244,Isabella,18,2415,1202,1977,114,[],114,0,[]
19991516,迷兔儿,16,2481,1218,2164,117,[],121,1,"[{'liuyan_user_id': '81963554', 'liuyan_time': '2016-04-09 14:50:25'}]"
19991555,王小拳,17,2504,1348,2376,139,[],124,0,[]
19991667,寒夜的风,10,2478,1196,1790,123,[],128,0,[]
19991727,坑爹赵,19,2497,1210,1796,150,[],107,1,"[{'liuyan_user_id': '81203489', 'liuyan_time': '2015-10-24 11:34:09'}]"
19991778,王胡英88,15,2525,1172,1799,115,[],103,0,[]
19991798,小胖囡xq,19,2488,1189,1905,136,[],126,0,[]
19991800,薄荷红茶chee...,18,2507,1207,1893,133,[],126,0,[]
19991823,天涯湘草,15,2494,1195,1790,135,[],115,0,[]
19991862,瞥叟,16,2477,1177,1760,121,[],105,0,[]
19991864,韩雪及,18,2425,1188,1905,106,[],97,1,"[{'liuyan_user_id': '78668619', 'liuyan_time': '2017-12-24 20:44:45'}]"
19991930,花开时节,18,2548,1180,1886,145,[],121,0,[]
19992074,pinky,16,2484,1194,1938,123,[],178,0,[]
19992075,纤翩e绿,15,2561,1189,1815,122,[],113,0,[]
19992147,WWD美食探索,10,2501,1188,1897,97,[],116,0,[]
19992202,刚把得,18,2515,1194,1821,130,[],97,0,[]
19992351,牛小布_88,20,2471,1181,1820,134,[],123,0,[]
19992460,chunfeng,18,2443,1164,1758,141,[],123,2,"[{'liuyan_user_id': '40023476', 'liuyan_time': '2017-08-03 11:27:30'}, {'liuyan_user_id': '69440162', 'liuyan_time': '2016-10-22 03:14:48'}]"
19992528,bingo,16,2497,1184,1794,127,[],109,0,[]
19992689,babzr,16,2431,1189,1821,129,[],116,0,[]
19992701,妖翼天使,19,2514,1200,1830,106,[],114,0,[]
19992717,烦得很,19,2430,1182,1785,131,[],130,0,[]
19992805,蓝白相间,19,2486,1193,1805,132,[],124,0,[]
19992879,Jude,11,2515,1175,1803,108,[],130,0,[]
19992981,关注abc,12,2524,1189,1832,122,[],135,0,[]
19993033,玉面游龙,17,2405,1177,1845,142,[],121,1,"[{'liuyan_user_id': '93376327', 'liuyan_time': '2017-01-06 20:09:39'}]"
19993035,duck55,15,2462,1151,1777,149,[],120,0,[]
19993138,hzhhz,17,2376,1181,1699,140,[],104,0,[]
19993381,蓝星,16,2452,1188,1778,128,[],111,1,"[{'liuyan_user_id': '17177818', 'liuyan_time': '2016-02-29 21:05:41'}]"
19993399,我无厄我话,10,2449,1198,1871,146,[],116,1,"[{'liuyan_user_id': '93618197', 'liuyan_time': '2019-02-05 17:52:16'}]"
19993413,岸上鱼,16,2467,1182,1862,126,[],132,0,[]
19993443,古今如梦,16,2452,1205,1851,147,[],113,0,[]
19993511,冰之少女,17,2444,1186,1893,110,[],118,1,"[{'liuyan_user_id': '19643476', 'liuyan_time': '2017-05-20 09:12:38'}]"
19993532,活动公告板,16,2491,1152,1875,127,[],119,0,[]
19993587,心难绝,16,2504,1185,1869,125,[],121,1,"[{'liuyan_user_id': '69440162', 'liuyan_time': '2016-09-05 05:30:35'}]"
19993618,荷叶小露,19,2467,1173,1760,119,[],145,0,[]
19993896,木芙蓉,15,2499,1186,1827,147,[],103,0,[]
19993912,22的天堂,18,2481,1185,1691,121,[],129,1,"[{'liuyan_user_id': '53824181', 'liuyan_time': '2016-09-09 09:00:25'}]"
19994011,河北小伙,18,2458,1188,1832,113,[],94,0,[]
19994230,忆梦翩翩,19,2466,1191,1799,104,[],128,0,[]
19994357,新月晨星,19,2407,1183,1985,121,[],121,0,[]
19994391,周腾,15,2358,1193,1789,123,[],110,0,[]
19994451,霸王洗发水_,16,2365,1160,1798,117,[],109,0,[]
19994575,pinky,19,2383,1197,2241,110,[],126,0,[]
19994771,离会,16,2400,1196,1888,112,[],100,0,[]
19994789,风雨冰凉,17,2381,1197,1741,135,[],111,0,[]
19994914,蓝杉,19,2345,1164,1789,118,[],102,0,[]
19995124,小思饭,16,2408,1183,1870,126,[],115,1,"[{'liuyan_user_id': '58082554', 'liuyan_time': '2018-06-13 17:04:30'}]"
19995128,火锅超人,20,2402,1167,1801,129,[],111,0,[]
19995192,傻傻,16,2382,1190,1837,123,[],114,1,"[{'liuyan_user_id': '93618197', 'liuyan_time': '2018-10-23 16:00:39'}]"
19995346,甘芊芊,16,2451,1190,1772,131,[],117,2,"[{'liuyan_user_id': '48070171', 'liuyan_time': '2019-02-15 00:24:21'}, {'liuyan_user_id': '90503320', 'liuyan_time': '2017-03-10 16:07:42'}]"
19995367,carlita102,17,2423,1184,1901,117,[],120,0,[]
19995427,游任我行,17,2326,1181,1804,146,[],106,1,"[{'liuyan_user_id': '93618197', 'liuyan_time': '2017-09-25 20:52:46'}]"
19995496,任性紫冰,17,2393,1179,1908,124,[],125,1,"[{'liuyan_user_id': '68365305', 'liuyan_time': '2015-12-28 12:57:33'}]"
19995588,tspivv,15,2416,1205,1980,121,[],112,0,[]
19995673,天蝎の蝴蝶,15,2315,1180,1832,111,[],125,0,[]
19995770,恋懿,15,2297,1172,1798,136,[],120,0,[]
19995933,彩色石choc,18,1890,1181,1867,127,[],114,0,[]
19996085,肥瘦相间,16,396,1205,1977,145,[],112,2,"[{'liuyan_user_id': '93618197', 'liuyan_time': '2017-10-28 17:51:16'}, {'liuyan_user_id': '93618197', 'liuyan_time': '2017-10-25 17:46:47'}]"
19996091,觅梦shm,20,427,1191,1854,126,[],107,1,"[{'liuyan_user_id': '54089496', 'liuyan_time': '2018-02-06 00:35:22'}]"
19996181,胡辣汤,18,401,1195,1808,126,[],118,0,[]
19996368,傻傻的可愛,20,377,1184,1824,131,[],119,0,[]
19996429,小泥巴,19,436,1191,1845,111,[],110,0,[]
19996491,豺狼,18,368,1172,1808,126,[],94,2,"[{'liuyan_user_id': '93618197', 'liuyan_time': '2018-04-14 17:48:17'}, {'liuyan_user_id': '93618197', 'liuyan_time': '2018-04-10 07:48:54'}]"
19996554,张洪杰2001,15,374,1180,1826,124,[],128,0,[]
19996708,刚波啊,10,347,1176,1981,112,[],100,1,"[{'liuyan_user_id': '68365305', 'liuyan_time': '2015-12-24 22:37:56'}]"
19996726,水晶之恋,17,367,1199,1700,138,[],123,0,[]
19996754,donzi,17,366,1184,1733,137,[],117,0,[]
19996770,dhgzjl,17,365,1184,1858,123,[],112,0,[]
19997019,加加文,15,332,1199,1859,147,[],124,0,[]
19997219,__某 秂 ),18,333,1179,1768,129,[],113,0,[]
19997421,随意挽青丝,16,295,1189,1879,114,[],121,0,[]
19997524,火星老农,17,100,1176,1722,107,[],139,1,"[{'liuyan_user_id': '32629870', 'liuyan_time': '2015-10-13 07:19:22'}]"
19997577,卡西亚诺,16,32,1179,1878,131,[],118,1,"[{'liuyan_user_id': '58082554', 'liuyan_time': '2018-06-13 17:02:23'}]"
19997664,何处潇湘,15,34,1185,1820,115,[],127,0,[]
19997695,云曦,17,32,1161,1808,105,[],117,1,"[{'liuyan_user_id': '4923772', 'liuyan_time': '2016-04-13 12:10:52'}]"
19997734,风之恋,16,35,1181,1759,119,[],126,1,"[{'liuyan_user_id': '93376327', 'liuyan_time': '2017-01-10 13:33:44'}]"
19997757,莔儿,17,27,1192,1823,127,[],129,0,[]
19997796,雨萱儿,19,33,1180,1871,132,[],111,0,[]
19997811,陈亚红99,17,31,1188,1741,115,[],124,0,[]
19997835,飞鱼,9,298,1291,3262,114,[],113,0,[]
19997846,风尘孤狼,19,30,1182,2042,123,[],117,1,"[{'liuyan_user_id': '70570717', 'liuyan_time': '2018-01-18 19:20:09'}]"
19997996,古德里安,17,33,1179,1882,138,[],121,0,[]
19998018,幸运月亮女,18,29,1206,1898,99,[],101,1,"[{'liuyan_user_id': '84536641', 'liuyan_time': '2016-01-25 21:36:33'}]"
19998161,飞奔的鱼,16,31,1183,1835,135,[],123,0,[]
19998276,古灵精怪兔,17,28,1166,1850,118,[],137,0,[]
19998426,天上之永恒,8,174,1246,3063,116,[],105,0,[]
19998553,醉里秋波,9,318,1252,3392,127,[],111,1,"[{'liuyan_user_id': '69440162', 'liuyan_time': '2016-09-30 01:56:02'}]"
19998596,糖卤鸭maripo...,15,27,1194,1684,127,[],119,0,[]
19998650,不速之客,26,31,1360,2484,120,[],96,0,[]
30000990,masuyama,6,1194,1388,3959,13,[],27,0,[]
30056534,ukssim,11,1283,1186,1809,16,[],27,0,[]
30078150,xiexiexiexie,15,1305,1188,1830,8,[],27,0,[]
30122420,wttinawttina,9,1268,1265,3318,11,[],29,0,[]
30157279,xwbill,9,243,1244,3216,14,[],22,0,[]
30161981,davidhwei,15,32,1196,1769,15,[],15,2,"[{'liuyan_user_id': '93618197', 'liuyan_time': '2017-10-22 09:24:01'}, {'liuyan_user_id': '93618197', 'liuyan_time': '2017-10-17 15:55:05'}]"
30222333,ashes,18,41,1185,1814,14,[],16,1,"[{'liuyan_user_id': '43455893', 'liuyan_time': '2016-03-31 15:12:46'}]"
30425077,sgleo,18,40,1214,1905,19,[],19,0,[]
30441299,swallow_,20,36,1180,1843,8,[],30,0,[]
30504839,wangdan,20,40,1186,1989,8,[],28,0,[]
30558450,karl-lee,20,36,1201,1826,17,[],21,1,"[{'liuyan_user_id': '64224339', 'liuyan_time': '2016-08-15 16:42:27'}]"
30567718,houwei,17,37,1182,1811,17,[],33,1,"[{'liuyan_user_id': '34301003', 'liuyan_time': '2017-05-16 19:06:47'}]"
30615976,蝶舞_旋律,13,33,1199,1798,12,[],79,0,[]
30667320,yi_tianran,18,36,1196,1842,15,[],25,0,[]
30716021,lshanelau,20,38,1179,1980,16,[],20,1,"[{'liuyan_user_id': '90572664', 'liuyan_time': '2015-08-09 13:28:59'}]"
30717596,kitty,13,39,1174,1953,14,[],23,0,[]
30790012,sw_naraya,17,44,1199,1970,9,[],21,0,[]
30796626,robinleon,10,38,1191,2116,13,[],28,0,[]
30812808,sczyktlq,15,30,1187,1884,8,[],28,0,[]
30865786,wdsjwjz,19,42,1181,1838,9,[],32,0,[]
30876147,tiangeyaya,16,37,1191,1913,16,[],26,0,[]
30919566,sanpiao,19,36,1177,1963,12,[],22,2,"[{'liuyan_user_id': '93618197', 'liuyan_time': '2018-06-16 06:30:44'}, {'liuyan_user_id': '93618197', 'liuyan_time': '2018-06-15 06:30:16'}]"
31069921,不给萝卜就蹦,16,42,1198,1867,9,[],20,0,[]
31124053,jeanniezhao,13,38,1182,1765,21,[],21,0,[]
31173028,lexielai,16,35,1186,1736,13,[],18,2,"[{'liuyan_user_id': '75937013', 'liuyan_time': '2017-07-10 16:15:15'}, {'liuyan_user_id': '75937013', 'liuyan_time': '2017-07-10 16:13:21'}]"
31179993,蔚蓝色西西,13,40,1198,1721,13,[],23,0,[]
31221545,woaipinyi,11,32,1186,1660,10,[],22,0,[]
31339082,zhouqy,19,41,1189,1875,12,[],18,0,[]
31420223,mahuimin,19,37,1158,1795,10,[],31,0,[]
31423768,xineren,15,32,1199,1774,13,[],27,0,[]
31497797,mudan,15,36,1191,1702,19,[],19,1,"[{'liuyan_user_id': '975330', 'liuyan_time': '2015-08-13 23:14:19'}]"
31600741,kwinkwin,15,35,1164,1821,15,[],36,0,[]
31671480,marydada,21,54,1179,1983,13,[],17,0,[]
31735022,skyway,16,36,1202,1908,10,[],17,1,"[{'liuyan_user_id': '93618197', 'liuyan_time': '2018-11-30 08:53:34'}]"
31742939,卡布奇诺,45,549,482,9780,866,[],1,0,[]
31774485,kikomikoho,18,37,1165,1785,16,[],16,0,[]
31808233,suyewumei,21,38,1200,1899,19,[],30,2,"[{'liuyan_user_id': '93618197', 'liuyan_time': '2018-09-20 08:22:29'}, {'liuyan_user_id': '93618197', 'liuyan_time': '2018-09-19 07:06:30'}]"
31869626,jiuyexian,15,36,1189,1847,10,[],22,0,[]
31952929,vivianzhen,18,37,1191,1802,21,[],24,0,[]
31967454,cumt_der,18,39,1185,1817,11,[],17,1,"[{'liuyan_user_id': '93618197', 'liuyan_time': '2017-10-02 18:25:08'}]"
31987421,ningjing,18,30,1179,1747,21,[],23,0,[]
31999165,mermaid,19,37,1198,1923,13,[],28,0,[]
32038819,soralovemaki,16,33,1192,1880,20,[],27,0,[]
32095656,无法盛装的天空,18,35,1195,1790,16,[],18,0,[]
32214912,greattime,15,28,1185,1741,13,[],28,0,[]
32243801,yeah_,14,34,1187,1775,14,[],29,0,[]
32305134,kawai,18,33,1188,1794,17,[],23,0,[]
32367516,ohpa_queen,18,39,1193,1762,12,[],20,0,[]
32445100,oorachel,19,38,1185,1753,11,[],20,0,[]
32468319,elsie,18,38,1193,1748,10,[],23,0,[]
32499283,shirley_taoyao,18,36,1151,1751,14,[],17,0,[]
32507209,sunafei,12,27,1194,1897,11,[],26,0,[]
32635091,潘多拉的魔境,19,32,1189,1782,15,[],22,0,[]
32643024,陈子彦福仔,20,37,1182,1879,16,[],30,0,[]
32656064,juliahirai,17,34,1192,1852,10,[],25,0,[]
32674988,bomboom,10,43,1176,1740,15,[],32,0,[]
32694741,kublaisu,15,41,1202,1846,9,[],22,0,[]
32752232,rocklee,20,32,1185,1840,11,[],26,0,[]
32827419,wolfwolfgod_,17,33,1188,1930,15,[],18,0,[]
32890869,不二周助,16,132,12,1608,7,[],0,1,"[{'liuyan_user_id': '116988', 'liuyan_time': '2015-08-12 22:15:36'}]"
32893306,fish琳琳,17,36,1192,1784,12,[],22,0,[]
33035400,viviankisses,18,34,1190,1941,15,[],19,0,[]
33078466,gossip小猫,18,36,1168,1801,13,[],29,1,"[{'liuyan_user_id': '40023476', 'liuyan_time': '2017-10-29 11:16:35'}]"
33080170,许下的永远,15,41,1182,1894,14,[],30,0,[]
33085182,菟菟oai,17,45,1191,1799,15,[],15,1,"[{'liuyan_user_id': '76637644', 'liuyan_time': '2016-03-09 13:26:13'}]"
33087587,moonfox,16,32,1173,1984,16,[],26,0,[]
33128555,sionxu,17,35,1195,1842,16,[],23,1,"[{'liuyan_user_id': '80087774', 'liuyan_time': '2017-09-02 11:29:31'}]"
33251247,irene_snow,14,37,1201,1865,9,[],31,0,[]
33390458,hettie莹,18,42,1209,1933,15,[],19,0,[]
33402922,wangchunxia,19,30,1188,1971,9,[],28,4,"[{'liuyan_user_id': '93618197', 'liuyan_time': '2017-09-25 20:56:13'}, {'liuyan_user_id': '93618197', 'liuyan_time': '2017-09-24 17:06:56'}, {'liuyan_user_id': '47539743', 'liuyan_time': '2016-08-10 09:08:48'}, {'liuyan_user_id': '5673881', 'liuyan_time': '2015-07-21 07:02:13'}]"
33444363,残雪哈哈哈,19,27,1190,1857,17,[],21,1,"[{'liuyan_user_id': '40023476', 'liuyan_time': '2017-07-04 22:01:09'}]"
33525498,囡lovexixi,20,28,1191,1920,9,[],27,0,[]
33535823,zhengdianfang,19,41,1195,1764,16,[],24,0,[]
33599695,snow_,10,29,1174,1866,22,[],29,0,[]
33644948,lijie,19,27,1188,1789,16,[],23,1,"[{'liuyan_user_id': '93618197', 'liuyan_time': '2018-10-16 08:25:49'}]"
33653769,nnnancy,18,28,1194,1776,15,[],19,0,[]
33787251,双行道单行道,18,29,1186,1765,14,[],17,0,[]
33827023,yangbo,17,41,1189,1815,14,[],27,1,"[{'liuyan_user_id': '70856510', 'liuyan_time': '2016-08-16 08:45:59'}]"
33874017,honey,16,40,1179,1885,15,[],17,0,[]
33880124,davygn,19,36,1193,1755,16,[],29,0,[]
33896061,longchengjiari,19,40,1177,2035,18,[],21,0,[]
33959708,vanessa_ja,11,35,1172,1755,11,[],34,0,[]
33966927,xiaonan,14,28,1196,1787,13,[],27,0,[]
34043080,hzhruc,15,32,1192,1769,17,[],25,0,[]
34100233,看海的小包纸,15,29,1176,1859,20,[],20,1,"[{'liuyan_user_id': '93618197', 'liuyan_time': '2018-03-29 17:04:14'}]"
34149532,susanlt,13,45,1193,1795,12,[],26,1,"[{'liuyan_user_id': '55487628', 'liuyan_time': '2016-11-30 10:48:27'}]"
34202612,等待长大的孩子,19,35,1185,1841,13,[],24,0,[]
34241250,donghuasha,14,34,1179,1928,8,[],22,0,[]
34263235,cartercss,18,31,1172,2053,10,[],23,1,"[{'liuyan_user_id': '33261736', 'liuyan_time': '2015-11-18 10:07:55'}]"
34275324,cloud,18,31,1179,1917,5,[],20,1,"[{'liuyan_user_id': '51064536', 'liuyan_time': '2016-09-27 07:21:50'}]"
34423233,whale,20,41,1180,1828,18,[],33,0,[]
34467231,hins_lei,17,32,1193,1876,6,[],17,0,[]
34538358,candylu,10,39,1182,1883,21,[],22,1,"[{'liuyan_user_id': '76767767', 'liuyan_time': '2016-08-17 16:09:57'}]"
34602869,lilian,12,29,1175,1756,8,[],34,0,[]
34697021,vivianring,16,39,1182,1877,5,[],21,1,"[{'liuyan_user_id': '69440162', 'liuyan_time': '2016-10-09 00:49:31'}]"
34706064,shinhwaxl,19,34,1179,1819,7,[],31,0,[]
34707299,pchybaby,18,31,1202,1844,10,[],24,0,[]
34790279,love_elva,15,35,1184,1804,13,[],25,0,[]
34837488,willyyang,18,35,1185,1748,10,[],28,0,[]
34859050,dance小不点,20,34,1187,1889,13,[],22,1,"[{'liuyan_user_id': '46255841', 'liuyan_time': '2016-02-09 21:07:03'}]"
35082143,宝贝宝贝宝贝,19,38,1190,1932,18,[],26,1,"[{'liuyan_user_id': '93906419', 'liuyan_time': '2018-07-14 17:38:00'}]"
35083466,青芒果abc,12,34,1185,1837,21,[],18,1,"[{'liuyan_user_id': '82300522', 'liuyan_time': '2016-05-17 10:56:57'}]"
35179499,xiaoyi,17,31,1194,2040,16,[],17,0,[]
35237115,ヅ坏気⑽哫,16,14,20,809,11,[],2,0,[]
35286389,feiyang,15,39,1163,1840,15,[],26,0,[]
35329667,hipnoss,15,37,1203,1838,12,[],21,0,[]
35354802,licheng,19,45,1170,1775,5,[],17,0,[]
35403447,addict_,18,33,1183,1804,11,[],21,0,[]
35468436,晕鬼wendy,18,29,1193,1875,11,[],26,0,[]
35505919,marssai,17,34,1177,1798,18,[],25,0,[]
35547409,hilono,19,38,1172,1792,14,[],25,0,[]
35549338,zhjian,16,35,1175,1789,13,[],34,0,[]
35552078,tiandig,17,44,1211,1808,10,[],14,0,[]
35676575,噜噜juicy,13,31,1177,1686,14,[],27,0,[]
35698182,铜元儿~,20,197,1227,2480,82,[],37,0,[]
35733569,李可可,18,53,1201,2052,28,[],39,0,[]
35769516,土豆烧鸡块,19,34,1191,1734,12,[],20,1,"[{'liuyan_user_id': '93618197', 'liuyan_time': '2018-12-31 08:28:37'}]"
35821186,dym_zone,14,37,1180,1724,12,[],21,0,[]
35844825,wisteria,11,38,1173,1772,12,[],26,0,[]
35852189,cdqcumt,17,33,1175,1912,7,[],35,0,[]
36022090,selane_w,15,31,1207,1858,11,[],23,0,[]
36063153,害羞鬼刘氏,17,39,1175,1827,16,[],28,1,"[{'liuyan_user_id': '70797764', 'liuyan_time': '2016-05-17 13:32:06'}]"
36141744,leelingle,19,29,1188,2018,15,[],25,0,[]
36177576,omega,18,32,1181,1885,14,[],21,0,[]
36231320,guoing,18,34,1189,1767,12,[],24,1,"[{'liuyan_user_id': '93376327', 'liuyan_time': '2016-12-27 12:23:00'}]"
36278184,yonni_yy,16,45,1170,1772,10,[],26,0,[]
36421598,guoguo,17,33,1187,1885,12,[],32,0,[]
36556294,游走的生菜,9,35,1202,1753,10,[],23,0,[]
36600757,氤氲晨雾,16,10,17,1751,4,[],0,0,[]
36616039,xiaolud,18,30,1160,1765,13,[],20,0,[]
36732966,四季果蔬_,16,26,1209,1941,20,[],77,1,"[{'liuyan_user_id': '48070171', 'liuyan_time': '2019-03-26 23:36:15'}]"
36771682,wangxyjt,16,37,1195,1895,8,[],32,1,"[{'liuyan_user_id': '40263869', 'liuyan_time': '2016-01-11 10:40:02'}]"
36784552,莫听穿林打叶声,18,31,1175,1967,10,[],23,0,[]
36837194,jjjiiieeeda,15,25,1183,1811,9,[],26,0,[]
36891990,recamax,19,29,1183,1792,12,[],20,0,[]
36931202,monawuxiao,19,28,1181,1885,6,[],22,0,[]
36945476,jhcsmic,16,37,1183,1748,16,[],15,0,[]
36986557,kksussi,11,32,1158,1807,11,[],23,0,[]
36987728,xiaodaiw,19,34,1183,1807,14,[],16,0,[]
36992275,xupeili,17,25,1195,1976,13,[],15,0,[]
36996287,可爱懒女人,17,43,1199,1921,19,[],83,0,[]
37179272,pasu_lee,20,35,1206,1699,13,[],28,0,[]
37222771,shadowchen,18,35,1183,1902,17,[],25,1,"[{'liuyan_user_id': '93618830', 'liuyan_time': '2016-09-12 15:18:33'}]"
37380599,wowluo,13,26,1178,1891,21,[],25,0,[]
37455288,stage猪小多,17,26,1187,1939,11,[],17,0,[]
37458816,nuannuan,16,32,1175,1701,15,[],29,0,[]
37773186,ruguotaotao,19,34,1188,1910,14,[],14,0,[]
37781100,romeo,15,34,1190,1679,19,[],20,0,[]
37825387,vincy_ccliu,16,32,1171,1758,7,[],22,0,[]
37874937,tanzhe,16,33,1183,1854,14,[],29,0,[]
37884202,winnie_yu,15,38,1183,1849,16,[],25,2,"[{'liuyan_user_id': '93618197', 'liuyan_time': '2017-11-25 07:50:11'}, {'liuyan_user_id': '93618197', 'liuyan_time': '2017-11-24 09:48:06'}]"
37885475,dodole,11,35,1192,1811,17,[],22,1,"[{'liuyan_user_id': '54089496', 'liuyan_time': '2018-01-22 22:01:48'}]"
37897601,whwptalent,15,26,1179,1907,14,[],21,0,[]
38025486,sunnn,11,38,1193,1803,13,[],15,0,[]
38132966,dezahn,15,32,1179,1840,15,[],22,1,"[{'liuyan_user_id': '69440162', 'liuyan_time': '2016-12-23 21:29:31'}]"
38152379,宝贝xiao耨耨,15,35,1193,1738,16,[],25,1,"[{'liuyan_user_id': '87844046', 'liuyan_time': '2018-01-29 22:27:45'}]"
38207831,美眉我我我,18,26,1187,1964,14,[],25,0,[]
38244519,deepjuly,18,31,1176,1908,7,[],23,0,[]
38373106,evita_孟孟,18,37,1188,1781,10,[],27,0,[]
38379216,directioning,11,33,1171,1808,14,[],30,1,"[{'liuyan_user_id': '18274560', 'liuyan_time': '2015-08-23 15:24:38'}]"
38381415,onlylulu,18,33,1186,1777,10,[],24,0,[]
38483940,huanhuan,21,31,1312,2208,16,[],23,1,"[{'liuyan_user_id': '66461853', 'liuyan_time': '2019-01-15 17:06:46'}]"
38494856,hanlinghou,22,41,1198,2114,16,[],22,0,[]
38532761,maclang,16,26,1200,1680,15,[],28,0,[]
38578391,yolendar,27,40,1363,2356,16,[],31,1,"[{'liuyan_user_id': '71692782', 'liuyan_time': '2018-02-25 02:34:52'}]"
38634078,fanxin,15,24,1192,1904,11,[],28,0,[]
38635114,urmyfriend_i,15,34,1200,1985,12,[],31,0,[]
38658066,serena_sql,19,32,1188,1898,17,[],29,0,[]
38659840,丫丫翔翔肥肉肉,15,43,1192,1903,19,[],26,0,[]
38667879,mkeala,20,34,1198,1772,15,[],29,0,[]
38737183,婧婧kpz,21,30,1184,2013,17,[],23,0,[]
38738401,东西的嘴嘴,18,23,1204,2229,15,[],23,1,"[{'liuyan_user_id': '19063252', 'liuyan_time': '2016-11-16 12:48:25'}]"
38747216,wsdbaby,19,32,1197,1796,12,[],31,0,[]
38804461,乌克兰第四方面军.m,16,40,1205,2270,12,[],35,1,"[{'liuyan_user_id': '93376327', 'liuyan_time': '2016-12-28 19:50:34'}]"
38816439,littlepig,19,31,1167,1846,12,[],20,0,[]
38902168,alkan,9,37,1192,1734,16,[],29,0,[]
38902346,happice蓝色飞鱼,18,36,1207,1848,11,[],33,0,[]
38947250,onsteroids,15,26,1178,1850,14,[],13,0,[]
38956115,woniu,15,38,1178,1848,14,[],21,0,[]
38973466,grasshopper,22,319,57,971,194,[],2,0,[]
39082924,cindersnow,18,29,1200,1835,12,[],23,0,[]
39097309,saribai,18,38,1199,1900,5,[],26,0,[]
39122362,tracybbei,14,24,1182,1795,13,[],20,2,"[{'liuyan_user_id': '93618197', 'liuyan_time': '2017-09-25 20:55:36'}, {'liuyan_user_id': '93618197', 'liuyan_time': '2017-09-24 17:05:57'}]"
39125083,cuncaiyy,17,22,1192,1914,17,[],26,0,[]
39205920,lynnyoung,14,26,1182,1807,12,[],17,1,"[{'liuyan_user_id': '82374946', 'liuyan_time': '2016-09-26 14:43:51'}]"
39274529,hipo月月,15,36,1189,1830,13,[],22,1,"[{'liuyan_user_id': '93618197', 'liuyan_time': '2018-09-26 08:03:03'}]"
39332050,心碎嘎嘣一声,16,23,1186,1862,10,[],22,0,[]
39358564,mec_cme,17,27,1178,1831,8,[],26,0,[]
39425695,karkar_,17,36,1196,1821,13,[],13,0,[]
39459513,我爱飘飘啊,20,26,1187,1758,9,[],24,0,[]
39465059,bbf棉花糖,19,24,1194,1718,16,[],26,0,[]
39478188,米雅sport,16,27,1194,1799,17,[],20,0,[]
39502078,天天好酷宝宝,16,22,1179,1815,14,[],22,0,[]
39525516,bluekli,13,27,1181,1701,12,[],19,0,[]
39578093,lincoln,18,20,1205,1728,17,[],30,0,[]
39684144,说起都是眼泪,18,38,1201,1871,17,[],20,0,[]
39758743,ponying,17,30,1175,1992,17,[],21,0,[]
39787240,時間會惔莣①苆,15,51,6,398,145,[],2,0,[]
39791620,lonemonica,19,24,1195,1862,7,[],35,0,[]
39878484,dairong,19,20,1200,1727,14,[],22,3,"[{'liuyan_user_id': '93376327', 'liuyan_time': '2017-01-13 15:54:52'}, {'liuyan_user_id': '93376327', 'liuyan_time': '2017-01-10 13:32:25'}, {'liuyan_user_id': '51064536', 'liuyan_time': '2016-09-25 17:48:54'}]"
39887455,xiaoxiaohua,17,24,1182,1786,9,[],82,0,[]
39899739,perfectjean,19,30,1179,1803,6,[],23,0,[]
39980633,bryantg,20,25,1199,1905,21,[],15,1,"[{'liuyan_user_id': '80966995', 'liuyan_time': '2016-11-22 19:59:52'}]"
40068999,xiayutian微,17,33,1188,1846,17,[],21,1,"[{'liuyan_user_id': '17494445', 'liuyan_time': '2017-09-26 14:50:30'}]"
40075848,lesliefzd,18,25,1194,1802,15,[],22,1,"[{'liuyan_user_id': '975330', 'liuyan_time': '2015-08-14 10:25:24'}]"
40078739,gorillaz,20,27,1181,1923,18,[],17,0,[]
40087846,caromolin,16,27,1178,1745,11,[],26,1,"[{'liuyan_user_id': '75453787', 'liuyan_time': '2017-07-13 13:37:32'}]"
40111337,士多啤梨果,19,21,1182,1790,14,[],26,0,[]
40142042,我爱猪猪文,19,26,1179,1744,11,[],27,0,[]
40219796,annylau,13,34,1179,1924,12,[],22,1,"[{'liuyan_user_id': '89933545', 'liuyan_time': '2015-08-03 21:20:16'}]"
40355990,yinvickey,16,28,1173,1884,12,[],21,0,[]
40374017,tiancaiokok,17,29,1172,1790,13,[],24,0,[]
40390610,wenmaoseanwe,19,26,1171,1774,12,[],30,0,[]
40400835,多多蒂多多,19,23,1186,1809,15,[],18,1,"[{'liuyan_user_id': '66461853', 'liuyan_time': '2019-01-15 17:07:19'}]"
40413148,christinayinzengyu,17,31,1186,1899,13,[],28,0,[]
40460348,minisql,20,21,1194,1797,6,[],21,0,[]
40466792,钱包包里钱多多,19,23,1176,1756,12,[],21,0,[]
40527629,娃娃闯天下,19,25,1200,1844,8,[],12,0,[]
40531849,sammizxn,18,25,1197,1728,14,[],16,0,[]
40541795,阴雨中的太阳,18,31,1193,2295,10,[],82,0,[]
40621446,vivi鬼鬼,18,32,1207,1843,9,[],28,1,"[{'liuyan_user_id': '66461853', 'liuyan_time': '2019-01-14 15:59:47'}]"
40749161,kyocooool,15,31,1190,1778,15,[],19,0,[]
40768115,lemonly,9,33,1196,1739,17,[],33,0,[]
40794009,livinggirlkathy,15,30,1193,1800,8,[],20,0,[]
40815944,liuweiping,20,24,1196,1807,8,[],24,0,[]
40864815,风雨蓝山,20,96,45,1970,639,[],13,0,[]
40865066,helloth,12,21,1177,1797,17,[],19,0,[]
40881550,fsyan,17,32,1175,1792,21,[],19,0,[]
41268211,蓝宝宝小兔子,10,27,1179,1753,9,[],22,0,[]
41437001,nina_,16,25,1190,1822,15,[],25,0,[]
41447995,appleangel,9,20,1178,1917,11,[],34,0,[]
41492861,guoliwei_,9,29,1185,1816,17,[],25,0,[]
41493550,寂谷临风,34,26,2498,33220,15,[],0,0,[]
41498300,wl_houhouhahei,18,33,1177,2002,9,[],26,0,[]
41501681,supremekimmy,14,20,1194,1801,15,[],19,0,[]
41558332,陈大拿是个好青年,17,298,201,418,90,[],2,0,[]
41611028,lovelyding,16,21,1205,1844,14,[],23,0,[]
41628592,liujj,16,25,1185,1707,14,[],20,0,[]
41673868,songcz,18,25,1188,1802,17,[],26,0,[]
41742392,vectorunderscore,17,27,1194,1854,12,[],34,0,[]
41753205,蝴蝶尖叫vivian,15,23,1193,2019,14,[],21,3,"[{'liuyan_user_id': '93618197', 'liuyan_time': '2018-06-06 03:20:21'}, {'liuyan_user_id': '93618197', 'liuyan_time': '2018-06-06 03:20:03'}, {'liuyan_user_id': '93618197', 'liuyan_time': '2018-06-05 05:36:45'}]"
41978799,kicsi,19,20,1190,1766,15,[],19,0,[]
42028980,心心物语xx,15,26,1177,1760,10,[],21,0,[]
42040504,rollinlx,19,34,1184,1947,19,[],25,0,[]
42047516,awfrqqd,14,28,1194,1773,13,[],19,1,"[{'liuyan_user_id': '93618197', 'liuyan_time': '2019-02-05 17:50:29'}]"
42175135,zjsimate,16,25,1186,1744,13,[],32,0,[]
42214721,fairykinghi,20,26,1202,1829,15,[],28,3,"[{'liuyan_user_id': '48070171', 'liuyan_time': '2019-03-13 16:39:31'}, {'liuyan_user_id': '48070171', 'liuyan_time': '2019-03-13 16:39:31'}, {'liuyan_user_id': '80453227', 'liuyan_time': '2018-08-31 13:52:33'}]"
42223808,愤怒的猪小戒,17,23,1179,1857,15,[],15,0,[]
42325259,enenlina,10,21,1185,1813,10,[],25,0,[]
42365445,kaiwang,18,27,1180,1722,8,[],21,0,[]
42524581,pei_cao,19,31,1174,1753,14,[],31,0,[]
42582235,liuwanli,18,24,1178,1876,13,[],30,0,[]
42664179,jacky_zhangqi,15,27,1196,1883,10,[],18,0,[]
42677655,xiaoxiao_if,10,24,1171,1790,7,[],21,0,[]
42721998,头瘟猪弟妹,16,18,1192,1754,21,[],20,1,"[{'liuyan_user_id': '93750113', 'liuyan_time': '2016-07-21 10:26:49'}]"
42880296,liruihua_,17,22,1177,1697,15,[],22,0,[]
42905107,echo_soso,9,28,1196,1805,18,[],26,1,"[{'liuyan_user_id': '93440046', 'liuyan_time': '2016-06-28 09:49:25'}]"
42910763,stavan_liu,14,22,1189,1950,17,[],20,0,[]
42918876,朱猪小同学,17,23,1182,1899,11,[],24,0,[]
42978073,kelly,13,20,1174,1866,14,[],18,0,[]
43033544,wanchen,17,29,1191,1851,12,[],28,0,[]
43035223,jaylai,16,26,1194,1761,15,[],22,0,[]
43343517,anyali,19,17,1187,1803,10,[],29,0,[]
43380742,liailing_,18,22,1198,1941,15,[],24,0,[]
43409064,belle_liu,18,28,1171,1882,9,[],27,1,"[{'liuyan_user_id': '19927066', 'liuyan_time': '2015-09-21 19:32:47'}]"
43543809,comeonbaby,18,21,1169,1909,14,[],27,2,"[{'liuyan_user_id': '93618197', 'liuyan_time': '2017-10-28 17:51:42'}, {'liuyan_user_id': '93618197', 'liuyan_time': '2017-10-24 08:28:32'}]"
43572974,akira_shinning,17,29,1201,1801,18,[],26,0,[]
43585460,套包很垃圾,17,24,1202,1777,17,[],29,0,[]
43598497,forest,19,19,1194,1831,13,[],21,0,[]
43821425,slanyan,16,22,1182,1978,14,[],27,1,"[{'liuyan_user_id': '19063252', 'liuyan_time': '2016-01-07 14:35:24'}]"
43908080,joyce,19,19,1182,1822,12,[],14,0,[]
43917777,laurafeng,20,15,1183,1767,15,[],26,0,[]
43945491,郭永生rigel,16,21,1205,1653,9,[],22,2,"[{'liuyan_user_id': '93618197', 'liuyan_time': '2019-01-01 08:39:08'}, {'liuyan_user_id': '93090625', 'liuyan_time': '2016-09-01 14:10:10'}]"
44002398,melanieliu,18,24,1193,1792,10,[],24,1,"[{'liuyan_user_id': '93618197', 'liuyan_time': '2018-09-26 08:03:36'}]"
44015992,好心的花园,17,31,1184,1989,12,[],23,1,"[{'liuyan_user_id': '19673929', 'liuyan_time': '2016-07-13 18:09:38'}]"
44030132,daisy,14,19,1182,1755,10,[],18,0,[]
44056329,kecai,18,27,1191,1832,15,[],18,0,[]
44146462,要买到实惠的,15,17,1198,1733,16,[],20,0,[]
44179807,jiumei,19,26,1192,1964,13,[],13,0,[]
44216280,veekochow,17,26,1162,1707,16,[],29,0,[]
44222811,s_dreams,18,20,1165,1792,9,[],16,0,[]
44233283,feixie,16,20,1177,1964,14,[],36,0,[]
44250727,weigeng,16,24,1176,1840,11,[],30,1,"[{'liuyan_user_id': '19554161', 'liuyan_time': '2015-10-13 00:09:49'}]"
44258484,lzmailyq,10,31,1190,1855,16,[],21,0,[]
44292344,lichee,19,25,1188,1734,14,[],17,0,[]
44360192,贞子ever,12,25,1171,1778,10,[],24,0,[]
44381053,brittneysl,19,21,1185,1802,16,[],17,0,[]
44572445,zangjingyuan,15,25,1196,1792,11,[],18,0,[]
44585578,归笨笨,10,65,9,156,2,[],1,0,[]
44695938,xjtubaiyu,19,22,1175,1868,14,[],19,0,[]
44705545,diudiuniu,15,26,1164,1769,11,[],24,0,[]
44752164,sunyan,13,30,1181,1929,11,[],23,1,"[{'liuyan_user_id': '71692782', 'liuyan_time': '2018-03-30 20:58:38'}]"
44781295,icahn,10,24,1185,1738,9,[],24,0,[]
44813240,bright,20,31,1206,1816,10,[],23,0,[]
44815234,鱼儿venustar,13,21,1176,1832,17,[],25,0,[]
45000650,davidhml,11,23,1180,1846,12,[],22,0,[]
45016624,vivian,18,29,1181,2042,10,[],24,0,[]
45030347,caesarking_bill,17,27,1167,1849,17,[],15,2,"[{'liuyan_user_id': '70570717', 'liuyan_time': '2018-01-18 19:18:20'}, {'liuyan_user_id': '40023476', 'liuyan_time': '2017-12-15 01:48:25'}]"
45035771,lxm,6,1,0,23,11,[],0,0,[]
45077033,bossz,17,20,1179,1861,15,[],24,0,[]
45087245,calleigh,18,19,1184,1749,7,[],25,0,[]
45142618,moonk_,16,17,1194,1963,13,[],28,0,[]
45176684,elvanlau,10,23,1185,1757,12,[],21,0,[]
45228268,tawanna,19,23,1192,1864,16,[],28,1,"[{'liuyan_user_id': '93618197', 'liuyan_time': '2018-04-03 22:22:05'}]"
45306794,king_xin,14,20,1197,1771,12,[],20,1,"[{'liuyan_user_id': '40263869', 'liuyan_time': '2016-01-11 10:39:38'}]"
45354561,leafs,16,14,1184,1754,16,[],19,1,"[{'liuyan_user_id': '91609909', 'liuyan_time': '2018-07-12 19:10:54'}]"
45398703,surpon,18,15,1184,1667,15,[],29,0,[]
45434454,米花都爆开了,18,21,1168,1805,18,[],21,0,[]
45534501,maoyao003,17,31,3,88,0,[],0,0,[]
45674410,loluu,16,26,1188,1671,10,[],27,0,[]
45707687,fdlmyhfd,18,25,1194,1895,17,[],29,0,[]
45806875,tychenjie,15,27,1185,1722,12,[],29,1,"[{'liuyan_user_id': '77102149', 'liuyan_time': '2018-07-30 21:21:23'}]"
45830831,mariarose,15,36,1184,1691,9,[],23,0,[]
45868953,minhero,18,21,1179,1774,15,[],20,0,[]
45983876,瑾瑾_jin,17,20,1177,1796,5,[],29,1,"[{'liuyan_user_id': '93618197', 'liuyan_time': '2018-11-30 08:53:54'}]"
45988607,安安,35,110,263,5947,774,[],4,1,"[{'liuyan_user_id': '19554161', 'liuyan_time': '2017-02-16 22:40:54'}]"
46003101,osinya,19,23,1183,1946,9,[],24,0,[]
46067474,julietyaoyao,19,19,1200,1913,10,[],31,0,[]
46181390,carly,16,21,1187,1771,14,[],20,0,[]
46237249,浏阳荷的水,16,24,1211,1915,18,[],19,0,[]
46462426,jennyzhang,12,29,1195,1746,19,[],29,0,[]
46496521,mikamaoytt,17,15,1201,1684,9,[],14,1,"[{'liuyan_user_id': '78972740', 'liuyan_time': '2017-01-25 17:25:46'}]"
46496991,MONSTER,17,31,2,58,4,[],1,0,[]
46500567,guoyuyi,18,28,1187,1895,12,[],30,0,[]
46509102,chrestos,20,30,1173,1972,13,[],21,0,[]
46511277,helen,20,17,1191,1903,13,[],19,1,"[{'liuyan_user_id': '85818921', 'liuyan_time': '2016-11-08 00:15:28'}]"
46678474,jinjin,18,31,1163,1827,17,[],21,0,[]
46682072,dominio,19,27,1171,1819,15,[],22,0,[]
46736205,guangxidingding,17,20,1177,1888,15,[],28,0,[]
46771911,sunyuguoguo,15,25,1196,1815,16,[],13,0,[]
46801815,robbie,16,27,1191,1760,12,[],23,0,[]
46807610,海月岩cute,16,23,1177,1777,14,[],24,0,[]
46813556,我爱飞去来,18,26,1202,1805,14,[],23,2,"[{'liuyan_user_id': '93618197', 'liuyan_time': '2019-02-04 09:30:46'}, {'liuyan_user_id': '93618197', 'liuyan_time': '2018-05-29 08:54:18'}]"
46891491,nevercryagain,16,20,1181,1906,15,[],21,0,[]
47083263,lemon_cy,17,21,1185,1866,18,[],26,1,"[{'liuyan_user_id': '78972740', 'liuyan_time': '2017-01-25 17:22:57'}]"
47171243,amengyuanyuan,16,25,1197,2013,10,[],19,1,"[{'liuyan_user_id': '50883027', 'liuyan_time': '2018-10-25 09:54:19'}]"
47194598,luyixiaohan,16,22,1197,1847,13,[],21,0,[]
47265691,sxdyx,16,22,1175,1756,12,[],31,0,[]
47289134,viere,13,20,1179,1777,18,[],33,1,"[{'liuyan_user_id': '72970648', 'liuyan_time': '2016-03-19 22:03:19'}]"
47339172,midi宝贝儿,12,22,1204,1730,9,[],21,0,[]
47347384,goofyie,10,12,1187,1804,14,[],25,0,[]
47434090,liudianxing,16,20,1168,1777,8,[],30,0,[]
47492979,xutingwise,12,27,1191,1777,8,[],18,0,[]
47556297,daisyyanxia,10,30,1185,1861,10,[],35,0,[]
47688686,bobohb,15,22,1190,1651,20,[],21,2,"[{'liuyan_user_id': '93618197', 'liuyan_time': '2018-10-28 08:23:15'}, {'liuyan_user_id': '93618197', 'liuyan_time': '2018-10-27 08:48:39'}]"
47767446,sophie_into,11,22,1180,1841,9,[],17,0,[]
47815944,irismmmm,16,25,1183,1650,19,[],22,0,[]
47824599,snowbird,11,23,1195,1751,14,[],26,2,"[{'liuyan_user_id': '316526', 'liuyan_time': '2018-02-06 10:58:10'}, {'liuyan_user_id': '316526', 'liuyan_time': '2018-02-05 18:51:08'}]"
47938640,心空的很痛,11,24,1175,1829,10,[],27,1,"[{'liuyan_user_id': '92016041', 'liuyan_time': '2016-01-25 17:36:31'}]"
47938904,jelson_f,18,16,1171,1724,15,[],16,0,[]
48023095,lgxman,17,26,1182,1960,15,[],24,0,[]
48080609,swordluo,12,26,1169,1727,12,[],33,0,[]
48105851,makayla,16,19,1190,1751,12,[],22,0,[]
48115849,jjjsll,10,23,1178,1965,9,[],22,1,"[{'liuyan_user_id': '93376327', 'liuyan_time': '2017-01-06 20:11:29'}]"
48157461,神勇非凡小白鼠,9,23,1193,1948,13,[],26,0,[]
48159003,baobao,19,26,1182,1734,10,[],14,0,[]
48182648,huangyingcncn,16,22,1171,1915,9,[],30,1,"[{'liuyan_user_id': '33497702', 'liuyan_time': '2017-09-12 03:51:58'}]"
48200946,chuyuan_,16,19,1185,1841,11,[],26,0,[]
48220443,阿香的美丽日子,16,21,1200,1799,17,[],30,1,"[{'liuyan_user_id': '54089496', 'liuyan_time': '2018-05-08 12:27:58'}]"
48222771,xlh_hh_,15,25,1183,1826,10,[],39,0,[]
48259862,li_bin,22,27,1202,2011,14,[],57,0,[]
48302496,moka老板,13,29,1186,1871,11,[],58,0,[]
48320031,creep,18,24,1169,1770,11,[],55,3,"[{'liuyan_user_id': '93618197', 'liuyan_time': '2018-05-12 05:12:17'}, {'liuyan_user_id': '93618197', 'liuyan_time': '2018-05-07 08:13:30'}, {'liuyan_user_id': '93618830', 'liuyan_time': '2016-09-12 15:42:54'}]"
48389299,feifei,19,19,1193,1808,12,[],52,0,[]
48426488,maduohao,19,23,1181,1754,15,[],64,1,"[{'liuyan_user_id': '72970648', 'liuyan_time': '2016-03-19 22:06:47'}]"
48454297,whyvivian,14,24,1172,1877,13,[],61,0,[]
48521118,wang_,15,23,1182,1896,11,[],68,1,"[{'liuyan_user_id': '50689993', 'liuyan_time': '2017-05-27 08:13:20'}]"
48574184,yingxin_crazy,19,25,1176,1804,12,[],55,0,[]
48649772,ppqrt,18,25,1185,1813,8,[],47,0,[]
48725287,photo,15,19,1174,1907,9,[],55,0,[]
48875823,掉在咖啡里的眼泪,17,18,1173,1901,11,[],54,0,[]
48935663,caigou,10,21,1180,1811,12,[],48,0,[]
48969099,rebeccaliujh,19,34,1181,1749,13,[],50,0,[]
48980064,乖乖晴天娃,18,23,1170,1963,11,[],64,0,[]
49131559,cclubb,13,19,1170,1784,12,[],51,0,[]
49184818,hedylau,20,25,1177,1813,13,[],59,0,[]
49196987,christineleed,16,26,1194,1858,16,[],65,0,[]
49205915,xfevv,16,17,1172,1801,7,[],61,0,[]
49210602,robin_lb,12,22,1189,1765,14,[],55,0,[]
49238069,ldhih,18,30,1167,1796,11,[],55,0,[]
49380392,tianshilaner,18,28,1196,1778,13,[],46,1,"[{'liuyan_user_id': '93618197', 'liuyan_time': '2018-12-25 08:47:34'}]"
49385961,帆帆lvbb,15,23,1172,1736,16,[],44,0,[]
49445244,minicitytower,11,21,1187,1830,17,[],36,0,[]
49474068,seadragon,19,32,1189,1892,8,[],50,1,"[{'liuyan_user_id': '17061757', 'liuyan_time': '2017-02-20 11:08:22'}]"
49510709,nobodyelse,19,23,1181,1831,10,[],67,0,[]
49550384,eliete,19,24,1188,1779,10,[],65,1,"[{'liuyan_user_id': '975330', 'liuyan_time': '2015-08-14 12:53:40'}]"
49552377,shangjing,18,17,1174,1844,7,[],64,0,[]
49565705,minniecondor,17,19,1194,2018,7,[],62,0,[]
49606948,liuchangwei,20,26,1204,2025,8,[],59,0,[]
49688565,jennyzhao,20,21,1184,1812,21,[],38,0,[]
49726426,minimonkey,17,29,1184,2027,18,[],47,0,[]
49830379,hemaka,15,18,1194,1766,14,[],52,0,[]
49863725,carolinebj,18,25,1173,1893,11,[],50,0,[]
49864493,偎依的水,29,238,386,6943,4192,[],6,1,"[{'liuyan_user_id': '74466223', 'liuyan_time': '2016-05-14 04:52:55'}]"
49882367,ningalix,19,18,1192,1704,18,[],69,0,[]
49917176,西西里小白,19,23,1194,1834,12,[],49,0,[]
49928806,小瑜儿圈圈,14,21,1187,1812,12,[],61,1,"[{'liuyan_user_id': '69440162', 'liuyan_time': '2016-10-16 05:15:13'}]"
49995384,小梦yan,16,24,1179,1766,14,[],49,0,[]
50024384,arifeng,19,25,1181,1883,12,[],49,0,[]
50057991,zahui,14,27,1196,1873,13,[],66,2,"[{'liuyan_user_id': '93376327', 'liuyan_time': '2017-01-10 13:34:47'}, {'liuyan_user_id': '69440162', 'liuyan_time': '2016-09-04 23:59:07'}]"
50177435,tianmengjie_,18,20,1188,1791,13,[],48,0,[]
50201678,lifei_,15,26,1189,2060,10,[],45,0,[]
50213705,enigmaxp,20,21,1197,1975,15,[],47,0,[]
50242557,悠闲的小肥羊,10,23,1198,1778,10,[],33,0,[]
50252753,shimeng,19,27,1202,1908,13,[],58,1,"[{'liuyan_user_id': '69440162', 'liuyan_time': '2016-09-28 05:27:47'}]"
50345294,gaoliang,19,31,1193,1836,14,[],68,0,[]
50458698,doctor,17,23,1194,1949,16,[],60,1,"[{'liuyan_user_id': '93618197', 'liuyan_time': '2018-12-04 07:58:10'}]"
50469072,成都不二家,20,18,1179,2233,25,[],53,0,[]
50470340,laozengdou,16,28,1174,1734,18,[],49,0,[]
50531018,stybxm,15,17,1178,1780,10,[],111,1,"[{'liuyan_user_id': '93618197', 'liuyan_time': '2017-11-30 08:55:51'}]"
50607488,climbince,20,20,1180,2069,15,[],49,0,[]
50622052,忽而今夏season,15,27,1185,1752,5,[],64,0,[]
50699619,珠海王大宝,22,19,1223,2025,10,[],47,0,[]
50700421,big咸哥,20,26,1177,1859,13,[],56,0,[]
50717584,athena_chensiyu,18,28,1193,1887,17,[],49,0,[]
50725269,bkkmangkorn,13,24,1172,1822,19,[],51,0,[]
50856079,马蜂窝用户,9,16,7,1180,0,[],0,0,[]
51146120,btmudergg,19,28,1170,1807,15,[],75,0,[]
51233974,gloria,17,32,1180,1725,13,[],57,0,[]
51254869,liufeng,13,26,1186,1667,13,[],55,0,[]
51306963,panicoz,11,21,1191,1821,11,[],61,0,[]
51349085,daile,18,23,1190,1662,12,[],66,2,"[{'liuyan_user_id': '93618197', 'liuyan_time': '2018-09-11 07:36:48'}, {'liuyan_user_id': '40023476', 'liuyan_time': '2017-07-29 05:06:30'}]"
51404007,leonchang,15,22,1189,1984,17,[],58,0,[]
51480343,beauty_bear,15,29,1217,1932,19,[],69,0,[]
51482859,zipporourou,17,21,1189,1941,15,[],75,0,[]
51572007,ooomxpxooo,16,27,1188,1868,13,[],49,0,[]
51600989,叶小可爱猪,16,23,1161,1844,16,[],50,0,[]
51765715,A•马歇尔,34,71,2592,18873,993,[],2,0,[]
51771276,柠檬guess,15,23,1175,1709,6,[],51,0,[]
51832376,niuniuliu,17,29,1178,1805,13,[],50,1,"[{'liuyan_user_id': '71692782', 'liuyan_time': '2018-03-30 21:03:12'}]"
51930553,粉红猪粉绿猪,18,23,1178,1997,1,[],77,0,[]
51981839,emilia_wy,19,17,1159,1819,12,[],51,0,[]
51992564,grandcentral,15,18,1192,1803,7,[],61,1,"[{'liuyan_user_id': '40023476', 'liuyan_time': '2017-07-30 07:26:44'}]"
52007814,adrian,18,24,1188,1971,14,[],58,0,[]
52089031,王萍lst,15,15,1,338,7,[],26,0,[]
52142803,那情太单纯,10,13,1195,2033,9,[],51,0,[]
52168990,eightnine,19,20,1175,1811,9,[],65,0,[]
52418084,lijing_,17,25,1171,1770,9,[],56,0,[]
52435887,amotet,19,20,1202,1849,13,[],52,0,[]
52438499,renxueheng,15,28,1156,1945,12,[],55,0,[]
52478654,yfcex,15,22,1196,2136,19,[],43,0,[]
52615126,cqumasters,19,27,1192,1760,10,[],48,0,[]
52682900,jenny,18,26,1166,1788,17,[],47,0,[]
52923564,leozhenhai,19,19,1179,1789,12,[],59,0,[]
52989918,teemix,16,21,1171,1761,9,[],39,0,[]
53018097,sodagreen,15,19,1149,2898,13,[],61,1,"[{'liuyan_user_id': '50666035', 'liuyan_time': '2018-05-25 11:01:35'}]"
53056450,fashionl,16,24,1192,1930,11,[],50,0,[]
53060773,飘零的雪樱,16,24,1187,1882,15,[],53,0,[]
53066927,yourkiki,16,22,1173,1680,18,[],64,1,"[{'liuyan_user_id': '78519539', 'liuyan_time': '2017-07-10 10:30:47'}]"
53236576,danziseyuanwei,18,26,1162,1909,6,[],68,0,[]
53246584,佩佩doermi,20,31,1188,2001,11,[],52,1,"[{'liuyan_user_id': '93618197', 'liuyan_time': '2018-06-08 05:49:14'}]"
53351880,小老鼠Jmy,17,22,1201,1851,14,[],54,1,"[{'liuyan_user_id': '78972740', 'liuyan_time': '2017-01-25 17:12:14'}]"
53435011,卧龙cwy,17,16,1187,1769,15,[],26,0,[]
53449270,que_er,15,27,1174,1766,17,[],21,0,[]
53546590,flymurry,19,29,1183,1645,14,[],21,0,[]
53619168,nmymzzy,11,21,1185,1797,14,[],27,0,[]
53620882,yichenri,17,27,1186,1789,5,[],17,0,[]
53760375,给你小气质,15,29,1190,1825,10,[],26,2,"[{'liuyan_user_id': '93618197', 'liuyan_time': '2017-11-24 09:51:42'}, {'liuyan_user_id': '93618197', 'liuyan_time': '2017-11-20 16:10:31'}]"
53917771,xiaomu,11,22,1163,1728,17,[],21,2,"[{'liuyan_user_id': '94179674', 'liuyan_time': '2018-03-16 20:27:33'}, {'liuyan_user_id': '70797764', 'liuyan_time': '2016-05-18 10:42:36'}]"
54004677,lynn_liubj,13,27,1266,2807,12,[],24,0,[]
54017430,xuefeng,15,27,1172,1724,15,[],28,0,[]
54022240,sunleiming,15,23,1176,1742,15,[],24,1,"[{'liuyan_user_id': '17177818', 'liuyan_time': '2016-02-29 21:11:01'}]"
54036153,xiaoshimimi,10,26,1188,1664,15,[],21,0,[]
54081663,xiongfei,13,14,1178,1787,14,[],19,0,[]
54095938,suki_nana,13,24,1193,1750,9,[],28,0,[]
54104700,守卫帕台农,16,22,1190,1762,16,[],19,0,[]
54124130,jimmy_vianna,13,16,1168,1744,18,[],24,0,[]
54161080,qinmeng,18,19,1188,1839,8,[],16,0,[]
54166575,蓝天,45,94,1341,64454,686,[],0,3,"[{'liuyan_user_id': '54921089', 'liuyan_time': '2021-04-06 15:42:48'}, {'liuyan_user_id': '54921089', 'liuyan_time': '2021-04-06 15:42:24'}, {'liuyan_user_id': '681918', 'liuyan_time': '2021-02-11 11:36:16'}]"
54175841,vicki,11,30,1207,2308,11,[],23,0,[]
54207045,棒棒糖棒棒糖,19,27,1196,1719,10,[],27,0,[]
54242375,cheng,19,22,3,273,10,[],14,0,[]
54338805,小螃蟹的滩涂,17,17,1195,1803,18,[],33,1,"[{'liuyan_user_id': '69440162', 'liuyan_time': '2016-12-08 16:17:59'}]"
54352104,夏天_tian,18,25,1188,1817,22,[],25,1,"[{'liuyan_user_id': '316526', 'liuyan_time': '2018-01-26 11:32:42'}]"
54380748,iloveginger,16,18,1179,1791,16,[],27,0,[]
54394700,caohuan,18,23,1191,1726,17,[],16,0,[]
54423389,wangbindal,17,29,1178,1784,12,[],18,0,[]
54461027,huxiaoer,18,24,1187,1736,13,[],21,0,[]
54471349,fucanbin,19,20,1186,1778,22,[],23,0,[]
54491587,hadaybreak,20,21,1178,1863,12,[],20,0,[]
54505964,xiuxiuzz,16,25,1179,1754,9,[],29,0,[]
54538940,savior_aaa,15,28,1185,1792,10,[],22,0,[]
54610352,loveqiya,19,28,1181,1632,17,[],21,0,[]
54613718,miyakoyuan,16,23,1175,1955,7,[],19,0,[]
54855935,calbee_伊小妹,19,25,1184,1784,12,[],18,0,[]
54891503,许我向你看yin,13,30,1191,1779,10,[],25,0,[]
54910545,fishlee,17,25,1173,1835,14,[],27,0,[]
54981289,guannan,16,29,1183,1715,9,[],22,0,[]
55015772,ibehemoth,16,20,1178,1804,11,[],22,0,[]
55017763,dancingfishlai,18,22,1176,1767,22,[],27,1,"[{'liuyan_user_id': '69440162', 'liuyan_time': '2016-10-03 23:28:08'}]"
55107027,gaoqingxin,17,19,1187,1799,15,[],29,0,[]
55118267,anwdt,19,27,1173,1751,15,[],19,0,[]
55166563,虫chong宝贝,10,26,1194,1820,15,[],18,0,[]
55167212,pgmxjp,16,27,1162,1672,6,[],18,0,[]
55189673,savior,12,29,1166,1753,12,[],24,0,[]
55264655,jeremy,19,21,1184,1724,21,[],26,1,"[{'liuyan_user_id': '46693302', 'liuyan_time': '2016-05-19 23:22:24'}]"
55414920,emma_豆豆,17,25,1191,1774,13,[],18,1,"[{'liuyan_user_id': '48070171', 'liuyan_time': '2019-02-11 15:02:17'}]"
55571976,gz_lucky_lee,16,26,1194,1747,14,[],22,0,[]
55577968,帅气的小三卡,20,25,1181,1824,19,[],25,0,[]
55582475,lyichao,12,27,1190,1706,19,[],21,0,[]
55628915,vipkapok,20,31,1174,1815,11,[],25,1,"[{'liuyan_user_id': '40023476', 'liuyan_time': '2017-12-29 13:10:25'}]"
55632776,dudududu,18,25,1176,1625,8,[],77,0,[]
55664787,summerjane,17,19,1169,1738,11,[],24,1,"[{'liuyan_user_id': '59293436', 'liuyan_time': '2016-02-22 16:56:56'}]"
55703324,sinsdy,18,33,1172,1723,12,[],23,0,[]
55754396,coral_heaixin,17,34,1188,1785,14,[],19,1,"[{'liuyan_user_id': '75416900', 'liuyan_time': '2016-04-15 09:00:30'}]"
56011694,lululululu,17,17,1169,1786,10,[],26,1,"[{'liuyan_user_id': '35373530', 'liuyan_time': '2015-11-23 16:53:28'}]"
56040960,月光光照荷塘,19,20,1189,1857,16,[],25,0,[]
56099872,wzh菜菜仔,15,23,1180,1696,13,[],30,1,"[{'liuyan_user_id': '4923772', 'liuyan_time': '2017-07-17 19:57:50'}]"
56105350,qqwendy,17,20,1190,1738,11,[],32,0,[]
56152191,victorxly,18,26,1188,1825,9,[],15,0,[]
56166570,特例独行的大笨笨,17,23,1184,1776,14,[],21,0,[]
56272876,landman,20,36,1181,1957,13,[],23,0,[]
56314281,sang_shu_shang,19,25,1182,1856,7,[],41,1,"[{'liuyan_user_id': '40023476', 'liuyan_time': '2017-02-26 11:37:23'}]"
56315392,猪猪de窝,15,21,1185,1809,11,[],27,0,[]
56429818,iamsybil,16,18,1184,1701,14,[],22,1,"[{'liuyan_user_id': '93618197', 'liuyan_time': '2018-12-22 07:23:12'}]"
56629528,ohnoriko,20,20,1160,1748,21,[],19,1,"[{'liuyan_user_id': '38340617', 'liuyan_time': '2018-05-10 10:46:36'}]"
56652981,sunyidan,13,29,1173,1848,16,[],25,0,[]
56733016,lwxct,17,24,1171,1853,12,[],24,1,"[{'liuyan_user_id': '50666035', 'liuyan_time': '2018-05-25 11:02:38'}]"
56852883,tinadd_,20,27,1193,1712,14,[],28,0,[]
56872464,lindamwj,19,23,1180,1723,12,[],19,0,[]
57000496,onion_lee_,17,22,1170,1712,19,[],21,1,"[{'liuyan_user_id': '93618197', 'liuyan_time': '2018-10-16 08:25:09'}]"
57013554,我们是糖幸福到哀伤,19,26,1193,1902,15,[],34,0,[]
57040724,amellia,12,29,1181,1697,11,[],18,0,[]
57213136,caneopatra,15,29,1183,1864,15,[],18,0,[]
57232715,woshixiyan,14,25,1184,1776,19,[],19,0,[]
57448288,jijing,19,28,1178,1739,15,[],32,0,[]
57468847,faithyuan,17,22,1173,1704,13,[],22,0,[]
57495755,neoanderson,15,19,1190,1848,14,[],24,0,[]
57514804,cqleihua,20,17,1183,1745,10,[],24,0,[]
57525848,hello,13,196,20,365,110,[],0,0,[]
57549521,y_h_y_h,13,28,1183,1767,15,[],20,1,"[{'liuyan_user_id': '34709703', 'liuyan_time': '2015-11-14 19:57:08'}]"
57593714,小小崔,30,124,261,12160,570,[],8,5,"[{'liuyan_user_id': '57593714', 'liuyan_time': '2016-09-15 13:26:03'}, {'liuyan_user_id': '19390141', 'liuyan_time': '2016-09-15 12:20:10'}, {'liuyan_user_id': '19706911', 'liuyan_time': '2016-08-06 11:06:24'}, {'liuyan_user_id': '75476502', 'liuyan_time': '2016-04-27 14:36:44'}, {'liuyan_user_id': '385069', 'liuyan_time': '2015-12-21 16:13:08'}]"
57663870,kelefanfan,18,19,1172,1725,11,[],20,2,"[{'liuyan_user_id': '93618197', 'liuyan_time': '2017-11-02 20:20:05'}, {'liuyan_user_id': '93618197', 'liuyan_time': '2017-11-01 10:48:35'}]"
57690876,andelandel,18,24,1172,1696,15,[],28,0,[]
57724919,taiwanhuman,18,25,1200,1819,14,[],35,0,[]
57727421,玉兰花xlf,13,18,1180,1805,17,[],33,3,"[{'liuyan_user_id': '93618197', 'liuyan_time': '2018-05-24 05:59:08'}, {'liuyan_user_id': '93618197', 'liuyan_time': '2018-05-22 05:17:56'}, {'liuyan_user_id': '93618197', 'liuyan_time': '2017-10-17 15:59:42'}]"
57751439,joson_z,18,20,1183,1832,12,[],81,0,[]
57775900,northstarboy,13,20,1190,1762,11,[],27,1,"[{'liuyan_user_id': '69440162', 'liuyan_time': '2017-01-03 03:45:08'}]"
57793284,crypticalboy,15,26,1194,1898,17,[],29,0,[]
57803856,谁家的mm,19,24,1178,1780,14,[],26,0,[]
57863500,yolanda,10,24,1186,1691,11,[],18,0,[]
57876005,smart菁菁,17,23,1179,1769,14,[],21,1,"[{'liuyan_user_id': '93618197', 'liuyan_time': '2017-11-30 08:56:25'}]"
57897802,ranranxiaosi,19,15,1175,1690,11,[],25,0,[]
57930269,thailandunicom,18,24,1204,1772,17,[],24,0,[]
57931617,cidpig,18,22,1176,1652,17,[],29,0,[]
57947265,yoyuan,18,23,1189,1724,3,[],15,0,[]
58047769,realhelen,20,18,1182,1675,9,[],26,0,[]
58051734,longli,17,23,1175,1727,14,[],27,0,[]
58089707,kittyliu,18,18,1197,1733,12,[],31,0,[]
58119636,lovefireyy,14,16,1178,1886,17,[],33,1,"[{'liuyan_user_id': '316526', 'liuyan_time': '2018-02-26 18:18:24'}]"
58187246,eaudemiumiu,12,16,1180,1752,17,[],24,1,"[{'liuyan_user_id': '93376327', 'liuyan_time': '2016-12-26 18:33:14'}]"
58278878,flower,17,28,1166,1808,12,[],20,0,[]
58284041,蒙娜丽莎莎,16,17,1191,1805,14,[],19,0,[]
58317183,duckling,16,22,1187,1955,16,[],18,0,[]
58355762,亮亮的苹果,20,34,1190,1795,14,[],21,0,[]
58415883,luyang,19,28,1196,1800,11,[],23,0,[]
58609532,中国fans,19,23,1177,1673,11,[],20,0,[]
58646557,kathryn,14,20,1185,1765,15,[],26,0,[]
58676910,hflpku,17,18,1197,1761,15,[],26,0,[]
58721640,nounouying,18,25,1192,1722,15,[],24,0,[]
58980958,wujun,17,27,1175,1730,10,[],16,0,[]
58983060,minnie晶莹,11,22,1166,1838,13,[],25,0,[]
59033664,dengxhts,19,26,1180,1814,21,[],35,1,"[{'liuyan_user_id': '76261813', 'liuyan_time': '2016-08-08 15:37:15'}]"
59065604,jayi_amy,19,21,1176,1794,13,[],27,1,"[{'liuyan_user_id': '82300522', 'liuyan_time': '2016-05-17 10:56:51'}]"
59078975,wwwxcq,15,19,1165,1713,17,[],27,1,"[{'liuyan_user_id': '93618197', 'liuyan_time': '2017-11-30 08:53:07'}]"
59109514,hide_lx,19,17,1155,2012,11,[],13,0,[]
59150202,guodong_ren,19,22,1185,1779,16,[],27,0,[]
59204929,mengxiaoxiang,14,22,1176,1694,6,[],22,0,[]
59282397,mahaiqiu,17,16,1198,1705,13,[],27,1,"[{'liuyan_user_id': '93618197', 'liuyan_time': '2018-03-29 16:59:04'}]"
59292821,tiantian,17,25,1183,1795,13,[],19,0,[]
59387707,榴莲小蜜蜂,17,98,114,3040,141,[],7,0,[]
59395930,pamelafong,17,22,1180,1816,12,[],15,0,[]
59483535,chenqiwenfrance,17,21,1167,1717,13,[],27,0,[]
59541092,朗格里格浪,15,27,1185,1702,18,[],23,0,[]
59553097,jzrznljj,15,23,1167,1686,10,[],24,1,"[{'liuyan_user_id': '64299126', 'liuyan_time': '2017-06-05 18:31:28'}]"
59580967,lillian,18,24,1173,1754,12,[],24,0,[]
59614767,baxuejie,9,21,1188,1808,6,[],15,0,[]
59636233,longlygodness,19,31,1186,1781,11,[],15,1,"[{'liuyan_user_id': '93618197', 'liuyan_time': '2018-10-09 08:45:28'}]"
59640581,elaine宝宝xy,10,24,1180,1670,11,[],23,1,"[{'liuyan_user_id': '59293436', 'liuyan_time': '2016-02-22 16:55:00'}]"
59760396,domie,18,24,1190,1693,9,[],25,0,[]
59805029,baobao,19,23,1179,1797,10,[],15,0,[]
59866726,tebiedecz,20,26,1205,1839,13,[],22,0,[]
59868843,精致小女人娜,18,23,1180,1756,10,[],16,0,[]
59958882,愤怒的盐煎肉,19,23,1190,1750,11,[],30,0,[]
60104714,不聊砸你家,16,32,1174,1645,13,[],29,0,[]
60113883,chilina,17,22,1165,1684,13,[],24,1,"[{'liuyan_user_id': '54089496', 'liuyan_time': '2017-10-23 14:18:23'}]"
60136342,condacly,18,25,1167,1752,13,[],18,0,[]
60174856,rrrukq,17,32,1177,1790,18,[],17,2,"[{'liuyan_user_id': '93618197', 'liuyan_time': '2018-07-18 10:04:00'}, {'liuyan_user_id': '93618197', 'liuyan_time': '2018-01-27 19:21:44'}]"
60192997,isabelle,19,26,1176,1712,12,[],22,0,[]
60207318,pennyzhuoer,13,22,1182,1698,16,[],22,0,[]
60306749,程色orangecat,19,27,1185,1701,7,[],24,0,[]
60317382,baobao,19,26,1156,1698,8,[],30,1,"[{'liuyan_user_id': '69440162', 'liuyan_time': '2016-09-12 05:01:04'}]"
60414714,yanglei,14,24,1176,1845,12,[],25,0,[]
60420352,ma_yonglei,10,22,1172,1876,10,[],19,0,[]
60457168,tronghold,16,15,1192,1783,17,[],16,0,[]
60553656,zzysea,14,21,1169,1696,11,[],29,0,[]
60591092,gz路人甲,18,19,1182,1729,19,[],28,1,"[{'liuyan_user_id': '69440162', 'liuyan_time': '2016-12-19 16:55:17'}]"
60728814,丁德龙东强,18,26,1178,1678,15,[],31,0,[]
60735928,xiaoqing,11,24,1185,1701,13,[],27,0,[]
60776025,zengqing,15,28,1201,1755,13,[],29,2,"[{'liuyan_user_id': '46693302', 'liuyan_time': '2016-04-11 13:38:35'}, {'liuyan_user_id': '46693302', 'liuyan_time': '2016-04-11 13:38:32'}]"
60776563,yangrui,18,21,1166,1754,12,[],21,0,[]
60798591,delpiero,18,23,1183,1811,18,[],25,0,[]
60801776,琳琳是我妈妈,16,22,1197,1794,13,[],20,0,[]
60822817,xiaoshikun,19,17,1179,1812,18,[],23,0,[]
60908444,spookboy,15,23,1177,1751,9,[],18,0,[]
60912422,fairy_wangjing,13,17,1180,1860,14,[],21,0,[]
60953195,一千零一邪,16,19,1187,1807,14,[],24,0,[]
60982762,vivien,19,22,1157,1774,15,[],23,0,[]
61134269,douglass,20,23,1195,1685,16,[],23,0,[]
61189516,maoyao001,18,34,3,91,0,[],0,0,[]
61248347,lin_summer_kay,19,29,1173,1765,17,[],23,0,[]
61392103,goegg,19,22,1163,1721,11,[],23,0,[]
61407208,michelleji,18,33,1193,1789,11,[],23,0,[]
61552050,冰淇凌的祈祷,18,26,1175,1777,11,[],27,0,[]
61673672,panzhencai,17,18,1181,1740,14,[],28,0,[]
61708106,chlit,18,16,1160,1801,18,[],27,2,"[{'liuyan_user_id': '80453227', 'liuyan_time': '2018-07-02 22:39:06'}, {'liuyan_user_id': '68365305', 'liuyan_time': '2015-12-29 08:07:57'}]"
61743776,yulei,17,22,1169,1737,18,[],29,0,[]
61813630,qhdscdjj,16,27,1181,1713,8,[],30,0,[]
61919101,都市的木吉他,14,3,13,320,11,[],0,0,[]
61952074,狂吻金花花,18,24,1184,1743,17,[],25,0,[]
61960208,jingl,19,21,1187,1709,12,[],28,0,[]
62484001,linglingcat_,20,19,1180,1874,7,[],36,2,"[{'liuyan_user_id': '40023476', 'liuyan_time': '2017-08-05 08:41:22'}, {'liuyan_user_id': '40023476', 'liuyan_time': '2017-08-05 08:41:22'}]"
62487681,yaoenoch,20,31,1184,1760,16,[],30,0,[]
62521449,nantang,19,16,1176,1853,12,[],19,0,[]
62585781,lotuslili,14,19,1180,1793,16,[],27,1,"[{'liuyan_user_id': '93618197', 'liuyan_time': '2018-01-22 17:37:34'}]"
62772075,亲亲阿杰杰,20,19,1176,1760,14,[],16,1,"[{'liuyan_user_id': '93618197', 'liuyan_time': '2018-10-30 08:23:40'}]"
62788508,lvjing,15,32,1172,1746,12,[],19,4,"[{'liuyan_user_id': '71692782', 'liuyan_time': '2018-03-30 21:01:29'}, {'liuyan_user_id': '71692782', 'liuyan_time': '2018-03-30 20:59:23'}, {'liuyan_user_id': '71692782', 'liuyan_time': '2018-03-30 20:59:09'}, {'liuyan_user_id': '71692782', 'liuyan_time': '2018-03-30 20:59:01'}]"
62806416,wanghg,19,20,1185,1758,16,[],22,0,[]
62849185,buycai,16,23,1196,1711,7,[],24,0,[]
62850386,ceibsyanqing,17,22,1198,1822,13,[],33,2,"[{'liuyan_user_id': '93202124', 'liuyan_time': '2016-06-06 20:15:23'}, {'liuyan_user_id': '82300522', 'liuyan_time': '2016-05-17 10:56:42'}]"
62932182,muziliri,19,21,1189,1716,10,[],18,0,[]
62952302,berry,18,19,1184,1589,15,[],20,0,[]
63003140,jocool,12,22,1184,1610,20,[],24,0,[]
63006723,fiona,20,19,1180,1791,14,[],24,0,[]
63142086,zhuzhen,18,23,1179,1905,16,[],19,1,"[{'liuyan_user_id': '78972740', 'liuyan_time': '2017-01-25 17:17:01'}]"
63180504,紫藤花语的秘密,9,27,1188,1758,11,[],16,0,[]
63212535,rainbow旺,11,17,1194,1862,12,[],16,1,"[{'liuyan_user_id': '55746149', 'liuyan_time': '2017-11-23 15:43:40'}]"
63279787,Elena,27,8,15,263,59,[],0,0,[]
63290137,xuhan,19,18,1162,2008,14,[],28,0,[]
63304763,piggyli,15,26,1191,1877,19,[],22,0,[]
63318333,evelv,18,20,1181,1753,13,[],26,1,"[{'liuyan_user_id': '38851208', 'liuyan_time': '2017-06-12 13:09:28'}]"
63370259,makiyo,16,31,1175,1689,20,[],23,0,[]
63382278,gabrielhll,15,25,1168,1748,8,[],24,0,[]
63414669,tarepandada,16,28,1190,1874,10,[],18,0,[]
63506575,献给mum的爱,18,19,1178,1846,10,[],25,0,[]
63553955,麒麟太子歌,18,19,1163,1730,12,[],28,0,[]
63555813,gaomeng,18,25,1168,1922,14,[],32,1,"[{'liuyan_user_id': '57069604', 'liuyan_time': '2018-06-01 16:00:11'}]"
63733894,lanbbe,16,20,1198,1764,17,[],18,0,[]
63792021,浩子的淘气包,15,27,1181,1683,12,[],28,0,[]
63808426,華麗de冒險,18,5,1,76,10,[],0,0,[]
63897993,cuitao,16,22,1187,1880,15,[],27,1,"[{'liuyan_user_id': '33261736', 'liuyan_time': '2015-11-18 10:09:21'}]"
63907178,joan_cn,17,20,1180,1816,15,[],22,0,[]
63967258,youhooo,18,24,1187,1868,16,[],19,0,[]
63982343,白菜帮帮主,11,26,1181,1714,9,[],23,1,"[{'liuyan_user_id': '78972740', 'liuyan_time': '2017-01-25 17:16:22'}]"
63993977,zhangyunyan_cn,15,29,1177,1766,16,[],28,0,[]
63998909,筱筱sae,15,29,1201,1836,18,[],24,0,[]
64037011,venuser,18,20,1194,1721,12,[],20,0,[]
64070130,greatyang,9,28,1179,1733,10,[],20,0,[]
64086618,wanghua_cd,15,24,1176,1754,16,[],25,0,[]
64129210,baby张琳,16,25,1176,1763,12,[],23,0,[]
64243475,naturally,16,21,1184,1654,13,[],27,2,"[{'liuyan_user_id': '72950019', 'liuyan_time': '2018-08-28 11:21:04'}, {'liuyan_user_id': '93376327', 'liuyan_time': '2016-12-26 18:36:48'}]"
64287881,mag_babe,18,25,1197,1735,10,[],25,0,[]
64290914,maquanyou,9,25,1201,1751,10,[],18,0,[]
64446523,jraixue,19,15,1166,1701,15,[],22,0,[]
64454517,junjie,16,18,1169,1847,12,[],22,1,"[{'liuyan_user_id': '93202124', 'liuyan_time': '2016-06-06 20:16:22'}]"
64471709,wujiandao,17,20,1186,1748,10,[],21,0,[]
64474005,笑语嫣然宝宝贝贝,15,24,1183,1749,13,[],34,0,[]
64505605,shullife,19,31,1172,1778,26,[],22,0,[]
64512013,kuanggogo,18,26,1168,1863,16,[],18,0,[]
64514779,风铃鱼宝宝,9,24,1171,1834,19,[],29,0,[]
64557049,痦痦,25,6,24,1460,409,[],4,0,[]
64585570,huangying,18,19,1172,1750,15,[],22,0,[]
64613637,snowplum,16,18,1194,1749,20,[],21,0,[]
64644160,unaliu,14,21,1177,1707,19,[],20,0,[]
64888389,xiyangyouyu,19,25,1175,1848,17,[],25,0,[]
64893011,imisshuwei,19,25,1187,1769,13,[],21,1,"[{'liuyan_user_id': '80453227', 'liuyan_time': '2019-01-15 19:57:35'}]"
64999129,miahorse,15,19,1173,1768,13,[],18,0,[]
65091843,淚滿星辰之小小,19,23,1187,2019,15,[],24,1,"[{'liuyan_user_id': '93618197', 'liuyan_time': '2018-10-02 09:11:59'}]"
65164852,笨笨笨小西,16,19,1183,1763,13,[],18,1,"[{'liuyan_user_id': '63075546', 'liuyan_time': '2015-09-21 10:40:50'}]"
65169504,逃离那角落,15,26,1198,1825,12,[],20,0,[]
65221369,dean_clive,19,18,1174,1814,8,[],16,0,[]
65255561,诉说倾听ing,18,29,1174,1898,16,[],23,0,[]
65295056,神奇的猪路,20,19,1188,1768,8,[],23,0,[]
65360905,kevinc,19,30,1176,1801,9,[],24,0,[]
65378273,eleven豆,20,24,1189,1906,7,[],26,0,[]
65385238,liberal,12,29,1147,1698,23,[],25,0,[]
65386069,adamzou,19,26,1177,1802,10,[],22,0,[]
65406769,sherry,15,18,1176,1827,17,[],25,0,[]
65526258,完颜合色贲,17,25,1186,1925,7,[],19,0,[]
65536162,御厨lzj,18,18,1177,1687,10,[],15,0,[]
65539193,水晶大王_,18,27,1186,1846,11,[],31,0,[]
65794203,小鸟的探戈,15,28,1161,2005,18,[],23,1,"[{'liuyan_user_id': '1080410', 'liuyan_time': '2015-12-07 22:16:38'}]"
65952678,sunanal_,16,20,1184,1756,12,[],25,0,[]
65970936,mabel,19,15,1167,1790,15,[],16,0,[]
65978283,saraloveleejunki,13,29,1176,1848,12,[],18,0,[]
65995067,xiaosan,13,20,1183,1911,9,[],25,0,[]
66008228,murai,18,28,1181,1838,15,[],27,0,[]
66101553,momo橙子小姐,12,19,1177,1818,17,[],32,1,"[{'liuyan_user_id': '316526', 'liuyan_time': '2018-01-25 19:14:47'}]"
66134664,michelle_,18,17,1162,1774,13,[],19,1,"[{'liuyan_user_id': '975330', 'liuyan_time': '2015-08-14 12:12:10'}]"
66139042,angelhuhot,11,21,1183,1662,10,[],21,1,"[{'liuyan_user_id': '52215373', 'liuyan_time': '2019-01-30 11:22:08'}]"
66144223,kanaqi,18,12,1192,1962,15,[],21,0,[]
66287636,gomytask,15,22,1182,1720,12,[],31,0,[]
66290678,紫凌之巅,18,734,384,1482,75,[],3,2,"[{'liuyan_user_id': '66290678', 'liuyan_time': '2017-01-01 11:35:55'}, {'liuyan_user_id': '681918', 'liuyan_time': '2017-01-01 11:25:12'}]"
66304130,linda_david_,12,15,1188,2130,12,[],23,0,[]
66389600,celialy,11,22,1180,1734,19,[],20,1,"[{'liuyan_user_id': '74267586', 'liuyan_time': '2016-11-08 21:27:40'}]"
66396766,hi_chew,18,22,1192,1744,21,[],31,0,[]
66402616,maomaojnk,20,27,1186,1732,8,[],27,0,[]
66418799,hifengseen,16,24,1179,1772,17,[],78,0,[]
66481195,cindy_,18,26,1175,1803,12,[],31,0,[]
66489728,xujia_,17,23,1181,1728,14,[],18,2,"[{'liuyan_user_id': '33797243', 'liuyan_time': '2018-12-06 22:49:47'}, {'liuyan_user_id': '4923772', 'liuyan_time': '2016-12-19 11:31:19'}]"
66513213,baobaoyangyuping,14,22,1180,1819,5,[],21,0,[]
66601802,不会做生意的点点来,15,21,1195,1810,13,[],22,0,[]
66677762,hicat,17,18,1178,1734,19,[],19,0,[]
66688517,晃晃悠悠宝宝,16,20,1178,1655,7,[],24,2,"[{'liuyan_user_id': '93376327', 'liuyan_time': '2017-01-06 20:12:35'}, {'liuyan_user_id': '70856510', 'liuyan_time': '2016-08-16 08:46:39'}]"
66830488,wwqsean,15,18,1187,1736,20,[],19,0,[]
66877047,ufowsm,15,14,1185,1683,13,[],27,0,[]
66961501,mayinyi,19,23,1177,1774,17,[],21,2,"[{'liuyan_user_id': '17494445', 'liuyan_time': '2017-10-04 21:35:18'}, {'liuyan_user_id': '78972740', 'liuyan_time': '2017-01-25 17:25:31'}]"
67067258,colleen_panda,17,28,1170,1832,11,[],17,0,[]
67123614,wangweiwei,20,19,1163,1802,18,[],21,1,"[{'liuyan_user_id': '69440162', 'liuyan_time': '2016-10-03 23:35:55'}]"
67133470,rainbow_ka,18,28,1186,1874,19,[],22,0,[]
67135051,绿油油lww,19,15,1171,1799,13,[],20,1,"[{'liuyan_user_id': '93376327', 'liuyan_time': '2016-12-26 18:35:48'}]"
67238034,wukong,19,16,1193,1642,7,[],24,0,[]
67270280,大连旅游李梦琪,14,29,1183,1830,10,[],31,0,[]
67390552,jasonmarz,20,30,1179,1741,14,[],21,0,[]
67475568,豆浆store,10,22,1183,1681,14,[],29,0,[]
67560121,liuhp,19,24,1184,1775,17,[],24,0,[]
67595905,sbccnp,15,16,1184,1777,12,[],27,0,[]
67678605,wlzixuanling,13,17,1183,1787,15,[],21,0,[]
67748605,小蜡烛六六,19,21,1169,1722,8,[],22,0,[]
67791933,cheer_wq,14,22,1185,1735,14,[],49,0,[]
67796782,linzi_,20,17,1178,1762,12,[],31,0,[]
67834873,nancylyi,18,27,1165,1785,8,[],24,0,[]
67855747,henryet,18,18,1165,1865,15,[],25,0,[]
67888855,wangmoning,16,19,1175,1800,14,[],19,0,[]
67905215,yangrui,18,21,1191,1752,11,[],20,0,[]
67943683,孙睿晨爸爸,16,28,1179,1675,12,[],19,0,[]
67949664,causpring,16,25,1169,1682,0,[],2,1,"[{'liuyan_user_id': '42536543', 'liuyan_time': '2016-10-24 22:54:19'}]"
67958350,kaishincc,19,19,1174,1943,18,[],15,1,"[{'liuyan_user_id': '69440162', 'liuyan_time': '2016-09-17 23:17:45'}]"
67958802,左手德国右手拜仁,9,19,1206,1834,14,[],21,0,[]
67991063,lavender,18,19,1170,1870,17,[],20,2,"[{'liuyan_user_id': '93618197', 'liuyan_time': '2019-01-01 08:43:08'}, {'liuyan_user_id': '79110623', 'liuyan_time': '2017-06-19 09:41:09'}]"
68035582,coffeefoam,19,15,1186,1870,17,[],22,0,[]
68062096,annie,18,20,1196,1869,16,[],22,1,"[{'liuyan_user_id': '10313524', 'liuyan_time': '2016-11-01 15:30:37'}]"
68069961,kuangyekailun,20,25,1179,1830,7,[],28,0,[]
68230886,xiatiandexueyy,18,18,1164,1769,9,[],19,0,[]
68552994,cindyyue_,17,27,1183,1826,7,[],25,0,[]
68610277,super小蓉,17,25,1172,1742,13,[],23,0,[]
68644527,maomao1957,24,222,259,2349,151,[],0,0,[]
68694229,风雨_微尘,17,24,1176,1771,12,[],23,0,[]
68736790,smile,20,21,1185,1705,24,[],24,0,[]
68820423,slina,19,21,1170,1764,13,[],28,0,[]
68869816,yanmei,15,18,1180,1667,10,[],25,0,[]
68886998,潘潘的小布丁,10,25,1175,1736,16,[],26,0,[]
68887350,孙伟明seven,17,20,1175,1724,10,[],18,0,[]
68922655,langmanfang,18,25,1185,1866,16,[],21,0,[]
68936190,卟篼篼miss,15,23,1205,1931,9,[],28,1,"[{'liuyan_user_id': '78972740', 'liuyan_time': '2017-01-25 17:21:42'}]"
68989533,猫年狗月的事,20,11,1197,1815,16,[],21,1,"[{'liuyan_user_id': '40023476', 'liuyan_time': '2017-12-11 10:21:35'}]"
69068504,亲爱d小暖,16,20,1189,1673,17,[],30,0,[]
69111741,chenjiao,20,32,1187,1984,12,[],29,1,"[{'liuyan_user_id': '35951942', 'liuyan_time': '2018-05-23 14:44:58'}]"
69245982,王小姐yoka,15,20,1163,1802,11,[],14,0,[]
69357731,uknowphilly,15,20,1171,1743,10,[],17,0,[]
69401331,冷冷的购物,18,20,1157,1747,13,[],13,0,[]
69461882,luoney,16,12,1172,1779,6,[],23,1,"[{'liuyan_user_id': '93618197', 'liuyan_time': '2019-01-01 08:40:36'}]"
69487804,jiaojiao,16,24,1185,1803,19,[],18,0,[]
69555767,loughlee,18,20,1166,1734,10,[],23,2,"[{'liuyan_user_id': '93618197', 'liuyan_time': '2017-11-24 09:51:24'}, {'liuyan_user_id': '93618197', 'liuyan_time': '2017-11-20 16:09:51'}]"
69597307,grace_,15,20,1184,1907,13,[],19,0,[]
69752947,tatukobe,15,22,1195,1817,17,[],34,0,[]
69756524,aidair,16,24,1181,1821,6,[],16,0,[]
69765604,florna,19,22,1195,1748,17,[],20,0,[]
69768289,wangyanmuzier,15,16,1173,1685,11,[],24,0,[]
69873476,舟停洋,35,43,2330,4819,161,[],5,2,"[{'liuyan_user_id': '69873476', 'liuyan_time': '2017-03-10 17:53:52'}, {'liuyan_user_id': '38966207', 'liuyan_time': '2017-02-18 15:48:07'}]"
69913521,qiaojing,19,27,1186,1770,20,[],24,0,[]
69952796,erosjay,17,20,1167,1693,13,[],26,0,[]
70079139,大宝_小白,20,17,1190,1778,13,[],27,0,[]
70187958,yedan,20,23,1179,1753,10,[],30,0,[]
70217339,pradaxian,20,28,1173,1867,11,[],18,0,[]
70221174,断翅蝴蝶飞华华,19,21,1159,1874,12,[],71,0,[]
70224162,netjin,19,18,1156,1710,16,[],25,1,"[{'liuyan_user_id': '93618197', 'liuyan_time': '2017-09-26 16:29:06'}]"
70316621,jennyjoe,17,22,1173,1781,16,[],19,0,[]
70333760,外面的风狂呼,20,24,1187,1857,14,[],23,1,"[{'liuyan_user_id': '93681835', 'liuyan_time': '2016-07-19 10:49:52'}]"
70351769,peach_qianqian,15,24,1162,1776,17,[],20,1,"[{'liuyan_user_id': '34301003', 'liuyan_time': '2017-05-16 19:06:35'}]"
70429884,zhenxi,11,13,1182,1597,8,[],20,0,[]
70490863,immelanieyang,17,21,1165,1802,14,[],19,0,[]
70530769,爱新觉罗毛,19,26,1193,1681,15,[],28,0,[]
70531053,xiaoming,20,26,1162,1831,26,[],18,0,[]
70547509,lomoschina,16,30,1200,1938,14,[],18,0,[]
70587483,jackywpp,18,24,1191,1734,7,[],22,1,"[{'liuyan_user_id': '93618197', 'liuyan_time': '2018-03-29 16:56:48'}]"
70602763,super_chaos,15,21,1179,1878,10,[],24,0,[]
70631147,jjggmm,12,16,1167,1699,14,[],19,0,[]
70713896,不喜欢咖啡,19,19,1191,1766,11,[],26,0,[]
70714865,linlinqingqin,13,16,1186,1668,14,[],21,2,"[{'liuyan_user_id': '66782786', 'liuyan_time': '2017-04-10 14:11:05'}, {'liuyan_user_id': '93202124', 'liuyan_time': '2016-07-19 20:44:25'}]"
70725694,chenxye,15,22,1185,1839,6,[],17,0,[]
70750309,fiji_yy,19,16,1176,1745,9,[],23,0,[]
70830520,monicahai,10,16,1200,1959,15,[],24,0,[]
70860819,takekosama,19,22,1194,1884,12,[],22,0,[]
71075219,rainedufe,11,28,1173,1781,8,[],21,0,[]
71099613,qingxi,20,20,1188,1641,16,[],20,0,[]
71138075,fenamo,16,22,1172,1867,11,[],31,1,"[{'liuyan_user_id': '69440162', 'liuyan_time': '2016-09-16 16:44:16'}]"
71223604,马蜂窝用户,10,136,6,104,60,[],0,0,[]
71282612,craig_,16,22,1194,1734,8,[],23,0,[]
71303657,leave_,17,16,1195,1714,22,[],17,1,"[{'liuyan_user_id': '34275860', 'liuyan_time': '2018-05-10 13:40:44'}]"
71307063,快乐的小桂子,18,20,1210,1791,11,[],22,0,[]
71388354,topsunny,19,17,1182,1717,16,[],18,0,[]
71403611,sharyjia,17,20,1193,1794,14,[],13,0,[]
71427241,fusionlyh,12,22,1188,1807,11,[],19,0,[]
71478962,xixiran_milk,19,21,1183,1817,8,[],23,0,[]
71488194,sabrinashuai,15,13,1175,1737,13,[],17,0,[]
71527528,jiaomaomi,16,20,1179,1737,15,[],22,1,"[{'liuyan_user_id': '80453227', 'liuyan_time': '2018-01-02 19:20:00'}]"
71588035,我是个栗子,17,28,1164,1642,11,[],23,0,[]
71770292,feiyangzizai,20,21,1161,1767,20,[],23,1,"[{'liuyan_user_id': '13109820', 'liuyan_time': '2015-10-22 13:26:56'}]"
71799221,kamezc,18,13,1194,1886,18,[],24,0,[]
71862893,danyu,14,22,1168,1677,14,[],74,0,[]
71869737,guyan,14,21,1188,1986,14,[],29,0,[]
71908577,lachang,16,21,1190,1722,18,[],25,0,[]
71911374,jinminbo,17,20,1161,1789,9,[],20,0,[]
71911952,wanghairuibuschina,17,27,1166,1749,10,[],24,2,"[{'liuyan_user_id': '93618197', 'liuyan_time': '2017-09-13 09:35:18'}, {'liuyan_user_id': '93618197', 'liuyan_time': '2017-09-12 20:19:42'}]"
71925428,lulusay,17,25,1179,1792,15,[],26,0,[]
71943440,helenduan_,19,21,1189,1655,10,[],20,1,"[{'liuyan_user_id': '43227340', 'liuyan_time': '2018-07-12 13:09:59'}]"
72059445,yhlhellen,20,21,1177,1785,11,[],9,0,[]
72086481,wykrinsman,17,17,1183,1929,17,[],24,0,[]
72107828,danny,18,18,1173,1955,19,[],28,0,[]
72142385,sugarhebe,19,17,1157,1804,15,[],82,1,"[{'liuyan_user_id': '5349808', 'liuyan_time': '2016-06-13 14:59:50'}]"
72188698,yudezhanghu,19,15,1182,1792,11,[],26,0,[]
72204543,doniqi,16,17,1169,1748,13,[],28,0,[]
72210034,onlysusanyu,18,20,1184,1777,15,[],19,0,[]
72237901,zhuyunfeng,14,21,1180,1807,7,[],28,1,"[{'liuyan_user_id': '78482704', 'liuyan_time': '2017-08-11 11:29:48'}]"
72240509,yuchan,17,18,1185,1950,11,[],24,0,[]
72398981,koala,17,15,1168,1781,13,[],18,0,[]
72426262,yuri_tb,17,20,1192,1900,9,[],27,0,[]
72484865,halibote,18,26,1187,1680,14,[],21,3,"[{'liuyan_user_id': '90522145', 'liuyan_time': '2017-04-11 06:25:11'}, {'liuyan_user_id': '90522145', 'liuyan_time': '2017-03-14 08:05:58'}, {'liuyan_user_id': '72265752', 'liuyan_time': '2016-02-16 17:46:48'}]"
72513094,carriesad,17,25,1180,1765,11,[],29,0,[]
72589357,旮旯胡同_,16,25,1195,1794,11,[],25,0,[]
72609000,zuozuo_sj,19,16,1179,1796,14,[],15,0,[]
72907720,ringo,16,19,1186,1755,14,[],24,0,[]
72941180,vasekiss,15,27,1172,1735,8,[],31,0,[]
73004639,qiuqiu,15,17,1172,1867,19,[],30,0,[]
73023110,vinovino,16,23,1179,1726,19,[],16,1,"[{'liuyan_user_id': '93618197', 'liuyan_time': '2018-01-27 19:25:41'}]"
73072462,敏敏v必胜,15,19,1185,1708,17,[],24,0,[]
73153763,ningmengshuolivia,18,16,1171,1748,8,[],23,0,[]
73244252,applecider,18,13,1198,1870,15,[],30,1,"[{'liuyan_user_id': '69440162', 'liuyan_time': '2016-10-12 17:50:59'}]"
73276553,muwenjie_,20,24,198,1940,10,[],19,0,[]
73294324,zhang,12,11,6,478,15,[],25,0,[]
73296057,huoguo,20,20,14,595,7,[],20,0,[]
73303036,yingbj,16,20,9,486,11,[],29,0,[]
73319776,xyzztc,17,19,9,426,8,[],21,0,[]
73325356,他的乖乖猫,20,12,10,486,18,[],31,1,"[{'liuyan_user_id': '54390176', 'liuyan_time': '2016-12-11 16:38:09'}]"
73358058,sorrylovebi,10,19,12,659,16,[],18,1,"[{'liuyan_user_id': '19554161', 'liuyan_time': '2016-09-15 23:05:40'}]"
73399582,偶稀饭捏吖,18,24,10,541,17,[],22,1,"[{'liuyan_user_id': '43823174', 'liuyan_time': '2019-01-23 20:29:59'}]"
73417882,江南无小瘦,13,23,15,628,13,[],21,0,[]
73516953,juntso,19,17,10,492,16,[],25,0,[]
73561241,fish_,9,22,8,542,15,[],16,0,[]
73599200,summer,17,19,14,907,17,[],21,0,[]
73648958,smile小燕,20,26,8,655,10,[],22,0,[]
73652728,musicfish,19,21,14,600,14,[],36,0,[]
73662172,alva买东西,19,18,20,533,13,[],17,1,"[{'liuyan_user_id': '93618197', 'liuyan_time': '2018-01-22 17:36:08'}]"
73692204,hemiao,11,18,15,548,20,[],24,0,[]
73939456,jiadong,16,27,7,463,9,[],24,0,[]
74027378,ehandcd,15,17,12,599,7,[],26,0,[]
74154592,mandy,18,20,10,555,16,[],25,0,[]
74279038,loveypn,15,9,10,425,14,[],20,0,[]
74319859,sunnyandog,16,27,10,490,16,[],16,0,[]
74441333,gxinxin,9,13,5,516,16,[],19,0,[]
74446400,andylilmh,18,25,8,515,8,[],17,0,[]
74599990,joyrice,19,24,15,823,15,[],21,0,[]
74628160,高兴ing,18,23,10,520,9,[],26,0,[]
74639333,greatnice,9,18,5,593,17,[],24,1,"[{'liuyan_user_id': '71008719', 'liuyan_time': '2016-04-26 21:40:49'}]"
74678931,skylove,19,20,10,474,7,[],25,0,[]
74682537,xujunwei_eric,12,17,10,609,10,[],28,0,[]
74734324,luluvy,17,15,8,612,13,[],25,0,[]
74843476,pfstef,12,17,14,490,12,[],27,0,[]
74944006,musicstoneqzy,14,20,11,596,8,[],21,0,[]
75001202,rebeccagreat,17,15,8,643,15,[],19,0,[]
75012649,kathy_,15,17,14,533,17,[],32,0,[]
75035461,youngflyy,18,14,10,521,16,[],22,0,[]
75104959,liuecho,19,22,13,463,13,[],18,0,[]
75191636,shixian,17,21,16,518,12,[],19,1,"[{'liuyan_user_id': '93618197', 'liuyan_time': '2018-10-01 05:14:21'}]"
75204196,uglyone,17,26,3,543,21,[],28,0,[]
75252183,larryhefang,17,27,3,578,12,[],18,0,[]
75279100,jcjtrade,17,21,12,499,12,[],22,1,"[{'liuyan_user_id': '93618197', 'liuyan_time': '2018-06-08 05:48:07'}]"
75305571,yamkit,16,16,10,561,11,[],19,0,[]
75315843,girlinparadise,16,14,13,595,10,[],20,0,[]
75324245,fwfang,17,24,5,612,14,[],23,0,[]
75336790,猪宝宝的贝贝,11,16,15,596,17,[],22,0,[]
75353452,木木彡木木彡,18,31,6,533,16,[],19,0,[]
75363866,jessie,16,16,13,490,14,[],21,0,[]
75440399,燚烨之脩,26,89,40,644,517,[],2,0,[]
75461677,lilexiu,15,18,9,401,10,[],23,0,[]
75463645,leave_,18,24,9,462,12,[],24,0,[]
75554260,戴面具的king,10,24,9,485,4,[],20,0,[]
75612361,春天在哪里,13,13,11,537,16,[],20,0,[]
75709337,cherry小丸子,14,26,14,527,14,[],23,0,[]
75765090,radarwyd,17,19,9,394,12,[],22,1,"[{'liuyan_user_id': '93618197', 'liuyan_time': '2017-11-30 08:58:03'}]"
75844989,峰哥你好啊,18,24,14,547,9,[],19,0,[]
75864599,supercario,10,18,10,531,15,[],27,0,[]
75899328,nanaman,16,24,6,496,17,[],30,1,"[{'liuyan_user_id': '54089496', 'liuyan_time': '2018-01-18 13:18:09'}]"
75969131,zhangqiyan,19,19,6,447,11,[],29,0,[]
76044510,jingbochao,18,25,15,477,13,[],27,0,[]
76112617,haimen,10,22,12,486,15,[],81,0,[]
76167880,kaoriyokiyoyo,16,25,8,617,13,[],18,0,[]
76190286,panqingfeng,9,21,8,509,18,[],26,0,[]
76219571,bambooban,19,18,11,574,8,[],33,0,[]
76230937,ickeschen,16,22,13,419,21,[],23,0,[]
76231621,wanganqiangel,18,24,10,500,6,[],20,0,[]
76254976,chefill,19,22,18,560,12,[],68,0,[]
76284698,水木_青青,16,19,19,847,7,[],21,0,[]
76358101,x_star_fyx,10,21,6,565,16,[],16,0,[]
76368882,kafeire,17,27,6,460,11,[],29,0,[]
76429248,dawn小妞,17,14,7,543,17,[],15,1,"[{'liuyan_user_id': '81665032', 'liuyan_time': '2017-03-27 15:32:32'}]"
76496433,lq_chuns,10,18,8,516,9,[],17,0,[]
76515021,挥霍青春的黑白灰,13,26,15,520,14,[],27,0,[]
76540172,swimming_su,15,24,17,671,6,[],24,1,"[{'liuyan_user_id': '93427625', 'liuyan_time': '2016-07-02 15:23:59'}]"
76594768,zhliuxiao,18,17,14,553,17,[],25,0,[]
76702517,在下井底之蛙,15,19,8,500,20,[],28,1,"[{'liuyan_user_id': '715736', 'liuyan_time': '2017-08-09 09:19:35'}]"
76830799,苹果小猪zj,17,21,21,448,17,[],32,0,[]
76860522,magictt,15,23,9,590,13,[],19,0,[]
76923598,chunmei,16,19,13,395,13,[],30,0,[]
76938998,yjhuang,20,22,10,486,16,[],20,0,[]
77166975,mumenyulei,20,13,5,681,5,[],17,0,[]
77167001,坚实的堕落,20,25,15,578,17,[],21,1,"[{'liuyan_user_id': '47664401', 'liuyan_time': '2016-08-26 18:39:03'}]"
77173707,kk-martin,18,22,10,618,8,[],23,0,[]
77272448,michael,16,20,14,818,15,[],25,0,[]
77318270,shihongmei_sy,16,21,7,606,14,[],28,0,[]
77345974,hongbaobao,16,21,6,627,17,[],26,0,[]
77358025,lalagg,16,15,12,507,15,[],27,0,[]
77381762,zwhan,19,23,13,454,22,[],28,0,[]
77383793,pfciceice,16,24,5,571,7,[],16,0,[]
77445848,zhuling,20,18,13,628,16,[],25,0,[]
77494832,国王企鹅巧颗粒,15,24,5,466,10,[],28,0,[]
77513087,mapleseven,16,18,12,605,12,[],16,0,[]
77565129,mengruier,13,20,11,543,12,[],20,0,[]
77591491,阿伟awei,19,21,6,449,14,[],20,1,"[{'liuyan_user_id': '78972740', 'liuyan_time': '2017-01-10 18:11:01'}]"
77610335,lemon,20,20,12,458,12,[],32,0,[]
77693167,iweila,16,14,11,485,12,[],27,0,[]
77749662,normy,16,27,12,883,9,[],21,1,"[{'liuyan_user_id': '94241635', 'liuyan_time': '2017-12-21 10:34:36'}]"
78031587,gzinter,16,29,9,465,13,[],22,0,[]
78063252,cqyangfan,16,18,18,597,13,[],32,0,[]
78081104,乐趣飘飘龙,17,23,7,461,7,[],35,0,[]
78126635,kcphua,19,23,11,551,17,[],26,0,[]
78172298,abuabu,20,17,6,528,14,[],24,0,[]
78195740,wangwangwu,19,20,9,494,9,[],18,0,[]
78220732,svpanic,16,17,7,554,16,[],13,0,[]
78375935,freebryant,15,27,8,633,15,[],13,0,[]
78462771,wajunlin_,16,22,11,526,18,[],16,0,[]
78481699,canyuyixia,16,22,7,595,17,[],71,0,[]
78506431,angelscd,17,16,8,483,16,[],17,0,[]
78511024,joannafuyan,19,19,7,630,12,[],14,1,"[{'liuyan_user_id': '41663204', 'liuyan_time': '2017-01-15 13:52:11'}]"
78598192,wlppingzhongsha,18,24,9,436,10,[],28,0,[]
78655264,flaviana,12,21,8,394,13,[],21,0,[]
78666275,iargdtkm,10,24,10,425,15,[],17,0,[]
78704074,niko豬,13,29,10,489,13,[],27,0,[]
78802101,blueskybj,17,25,12,521,12,[],17,1,"[{'liuyan_user_id': '54089496', 'liuyan_time': '2018-01-22 22:01:03'}]"
78853396,无情的加肥猫,17,23,11,449,10,[],21,0,[]
78876222,cuihu哦,17,19,13,524,7,[],24,1,"[{'liuyan_user_id': '93725065', 'liuyan_time': '2018-01-03 23:26:56'}]"
78901734,zsluyuzs,15,20,11,499,19,[],22,0,[]
78923316,zttlovehtt,14,20,13,543,9,[],24,0,[]
79012107,liyqc,19,16,12,601,20,[],28,0,[]
79022713,某某小屋ing,16,23,6,422,16,[],22,0,[]
79048962,nici_shi,12,20,5,582,14,[],23,0,[]
79135750,lulu_xin,20,15,5,541,11,[],30,1,"[{'liuyan_user_id': '316526', 'liuyan_time': '2018-01-22 15:15:43'}]"
79169900,boxter_,12,15,11,530,24,[],34,0,[]
79246001,gmhjwz,15,22,11,560,19,[],30,0,[]
79288956,gamee,18,21,12,571,13,[],18,3,"[{'liuyan_user_id': '93618197', 'liuyan_time': '2019-03-12 08:02:22'}, {'liuyan_user_id': '93618197', 'liuyan_time': '2018-07-20 08:50:02'}, {'liuyan_user_id': '40023476', 'liuyan_time': '2017-08-01 02:30:45'}]"
79293296,咫尺对你说爱,17,21,15,459,14,[],27,0,[]
79295777,hihil_hl,15,27,13,476,18,[],19,0,[]
79392784,sallly,11,22,7,577,17,[],20,0,[]
79443065,diandian,18,16,6,537,6,[],20,0,[]
79576974,helen,17,23,12,542,14,[],24,0,[]
79827378,harolddong,19,21,10,504,17,[],23,0,[]
80024225,tianqiushi,9,16,9,543,8,[],27,0,[]
80222156,ljhann,11,20,9,396,9,[],26,0,[]
80254776,o布桃耔o,15,22,7,447,11,[],13,0,[]
80372901,yeluodi,20,18,11,555,11,[],22,0,[]
80454716,kk_amigo,19,20,13,401,15,[],22,0,[]
80525253,szy__,15,15,13,572,15,[],24,1,"[{'liuyan_user_id': '40023476', 'liuyan_time': '2017-11-01 06:21:35'}]"
80548474,range,18,22,16,529,9,[],92,0,[]
80553852,nigel_kiki,20,23,11,549,12,[],25,0,[]
80572108,lovemycatty,13,10,14,553,13,[],22,0,[]
80590269,张龄芳zlf,20,21,11,518,16,[],22,0,[]
80637305,lilyzhou_,17,18,9,574,10,[],26,0,[]
80654004,🐳老鱼,45,65,289,34070,1822,[],1,4,"[{'liuyan_user_id': '65449399', 'liuyan_time': '2019-03-08 14:49:40'}, {'liuyan_user_id': '65449399', 'liuyan_time': '2018-12-24 11:45:40'}, {'liuyan_user_id': '65449399', 'liuyan_time': '2018-12-22 12:04:41'}, {'liuyan_user_id': '65449399', 'liuyan_time': '2018-12-22 11:23:27'}]"
80727057,wangyl_,20,27,11,570,12,[],22,0,[]
80827019,bluenazi,12,20,11,415,20,[],15,0,[]
80920120,xiaoyaowlh,18,17,11,540,19,[],20,0,[]
81056631,vivianlynnjj,19,22,12,639,10,[],25,0,[]
81095741,夏天的梦珑,17,19,17,592,14,[],21,1,"[{'liuyan_user_id': '48070171', 'liuyan_time': '2019-03-16 01:22:20'}]"
81130260,fzyahao,15,22,9,546,13,[],37,0,[]
81171517,cespiral,17,20,13,574,16,[],28,0,[]
81258831,momodezhufuni,17,26,9,569,14,[],26,1,"[{'liuyan_user_id': '93618197', 'liuyan_time': '2017-09-26 16:28:13'}]"
81274896,weiwei_,20,20,10,466,11,[],74,0,[]
81348496,dubao,18,27,15,434,14,[],23,0,[]
81381579,icydo,17,27,12,480,16,[],14,0,[]
81470692,hello_balajin,20,21,12,483,13,[],24,0,[]
81493298,estatechan,15,31,8,493,11,[],20,0,[]
81494968,科仔_cola,15,19,11,564,19,[],23,0,[]
81524003,sharry,17,20,10,505,20,[],25,0,[]
81528981,yudan,16,19,8,601,15,[],28,0,[]
81553177,kofcw,17,22,6,527,19,[],30,0,[]
81572105,mousky,17,17,9,561,14,[],21,0,[]
81573846,edward,18,27,21,586,13,[],31,0,[]
81681789,jasminetuantuan,19,14,13,612,10,[],17,1,"[{'liuyan_user_id': '316526', 'liuyan_time': '2018-01-16 13:09:25'}]"
81754518,dalechao,16,29,7,502,13,[],27,0,[]
81815661,helloyumi,20,27,13,522,20,[],20,0,[]
81883179,vanlle,19,18,14,524,17,[],25,0,[]
81955158,天使鸡肉女,17,24,9,483,12,[],19,0,[]
82222697,yksevol,10,20,12,487,14,[],20,0,[]
82225660,doris_ljr,19,21,3,527,13,[],23,0,[]
82236215,cande的兔子,16,24,9,554,13,[],20,0,[]
82273394,bendan,17,20,16,627,12,[],24,0,[]
82317730,naruto,15,20,6,557,21,[],11,0,[]
82346134,evianbi,17,22,9,431,10,[],24,0,[]
82375217,carol__love,13,20,12,451,11,[],25,1,"[{'liuyan_user_id': '78896125', 'liuyan_time': '2016-04-14 15:48:44'}]"
82405688,ximoon,19,21,15,516,14,[],19,0,[]
82432228,magicangilina,20,16,12,483,14,[],30,0,[]
82481840,selina,18,19,12,497,15,[],32,0,[]
82494618,川流不息v,18,23,11,515,13,[],18,1,"[{'liuyan_user_id': '67075898', 'liuyan_time': '2016-03-04 09:39:43'}]"
82579761,rmvsmulisa,16,14,12,583,15,[],27,0,[]
82631115,ihicfiw,15,9,13,452,20,[],28,0,[]
82666594,猪宝宝青青,15,24,13,487,20,[],17,2,"[{'liuyan_user_id': '93618197', 'liuyan_time': '2017-11-24 09:51:08'}, {'liuyan_user_id': '93618197', 'liuyan_time': '2017-11-20 16:09:15'}]"
82712984,gzceci,19,19,1,279,9,[],18,0,[]
82770185,糖不甩nancy,12,21,10,528,15,[],22,0,[]
82774539,地球,37,204,240,11667,392,[],1,5,"[{'liuyan_user_id': '91261712', 'liuyan_time': '2018-10-17 23:41:34'}, {'liuyan_user_id': '91261712', 'liuyan_time': '2018-10-17 23:40:44'}, {'liuyan_user_id': '82774539', 'liuyan_time': '2016-11-17 09:05:53'}, {'liuyan_user_id': '42901104', 'liuyan_time': '2016-11-15 20:03:01'}, {'liuyan_user_id': '82774539', 'liuyan_time': '2016-10-21 09:41:15'}]"
82854228,smallyu,12,15,7,538,15,[],16,0,[]
82884748,christina,19,18,8,577,6,[],27,2,"[{'liuyan_user_id': '93618197', 'liuyan_time': '2017-10-22 09:24:33'}, {'liuyan_user_id': '93618197', 'liuyan_time': '2017-10-17 15:55:43'}]"
82898070,smthbamboo,17,22,16,497,11,[],18,0,[]
82928260,bairui,17,12,11,495,11,[],23,0,[]
82966033,mangbaobao,17,21,8,851,14,[],20,1,"[{'liuyan_user_id': '93618197', 'liuyan_time': '2018-12-18 09:44:39'}]"
82988682,回家的阿童木,17,21,12,483,15,[],27,0,[]
83127271,linnahl,18,24,10,551,13,[],31,0,[]
83137503,somethingu,13,15,11,526,15,[],23,0,[]
83139894,zhouwei_zw,15,20,7,412,16,[],29,2,"[{'liuyan_user_id': '93376327', 'liuyan_time': '2017-01-06 20:13:22'}, {'liuyan_user_id': '57533975', 'liuyan_time': '2016-11-14 11:31:09'}]"
83192278,马蜂窝用户,5,25,0,46,0,[],0,0,[]
83205297,繁华如三千东流水,18,19,13,535,18,[],34,0,[]
83236756,elenana,16,24,12,560,15,[],29,0,[]
83299059,yellowstar,17,16,10,534,14,[],24,0,[]
83354994,kimll,18,23,7,683,12,[],22,0,[]
83528361,someonewangheng,18,17,15,605,13,[],24,0,[]
83577240,jeanvince,14,24,12,399,15,[],19,0,[]
83620470,barryyiu,16,30,9,447,13,[],29,0,[]
83760039,youngyoung,15,25,12,502,13,[],22,0,[]
83761643,juner,15,19,13,481,18,[],25,0,[]
83857685,xiaoyongdongdong,18,21,9,518,10,[],22,1,"[{'liuyan_user_id': '93618197', 'liuyan_time': '2017-09-15 08:10:26'}]"
83868081,danielalice,18,23,9,476,22,[],35,3,"[{'liuyan_user_id': '50689993', 'liuyan_time': '2017-05-24 11:45:22'}, {'liuyan_user_id': '50689993', 'liuyan_time': '2017-05-24 11:45:17'}, {'liuyan_user_id': '69440162', 'liuyan_time': '2016-11-16 04:37:53'}]"
84098086,tingcandy,18,24,15,485,17,[],27,0,[]
84109163,shimifwpc,19,24,11,579,15,[],15,0,[]
84157495,四叶三叶草,19,15,14,516,14,[],26,0,[]
84172414,tangzx_tang,19,13,7,460,14,[],26,0,[]
84212854,chamonixdl,19,20,14,621,12,[],29,0,[]
84225018,arielchen,20,20,9,525,12,[],31,0,[]
84267109,youyoudanny,16,13,8,426,10,[],15,1,"[{'liuyan_user_id': '93618197', 'liuyan_time': '2018-12-25 08:50:11'}]"
84305867,tintin,20,17,15,662,14,[],24,1,"[{'liuyan_user_id': '17177818', 'liuyan_time': '2016-02-29 21:04:49'}]"
84643995,lsliii,18,23,7,503,9,[],24,1,"[{'liuyan_user_id': '93618197', 'liuyan_time': '2018-10-16 08:28:11'}]"
84659932,气你直冒烟,18,26,15,504,9,[],21,0,[]
84671483,广州滨江东,19,22,12,622,8,[],26,0,[]
84706620,s_flesh,11,25,7,435,9,[],19,1,"[{'liuyan_user_id': '93618197', 'liuyan_time': '2018-03-29 17:02:12'}]"
84746018,马蜂窝用户,18,19,7,445,16,[],22,0,[]
84752565,loveyanzi,18,19,10,489,14,[],28,1,"[{'liuyan_user_id': '17494445', 'liuyan_time': '2017-09-22 12:13:41'}]"
84758316,fincle,15,24,13,647,10,[],22,3,"[{'liuyan_user_id': '40023476', 'liuyan_time': '2017-08-04 11:01:06'}, {'liuyan_user_id': '40023476', 'liuyan_time': '2017-08-04 11:01:06'}, {'liuyan_user_id': '40023476', 'liuyan_time': '2017-08-04 11:01:06'}]"
84764054,雯子pooh,17,16,9,517,19,[],22,0,[]
84859753,dianeqi,20,22,14,531,15,[],21,0,[]
85054157,卡玛尼娃娃,13,24,8,530,13,[],26,0,[]
85112264,genietarring,19,24,9,639,13,[],22,0,[]
85142184,maoyao002,18,38,1,98,0,[],0,0,[]
85271067,mimipei,16,24,7,502,13,[],19,0,[]
85306316,xiaopbenben,20,23,16,580,18,[],22,0,[]
85310642,intorkey,15,19,8,513,8,[],21,0,[]
85336031,multiverse,15,19,10,525,16,[],31,0,[]
85412484,april_shu,17,20,5,489,14,[],20,0,[]
85413199,baihui,15,16,13,489,14,[],25,0,[]
85458895,yuanjing,15,23,8,526,13,[],12,1,"[{'liuyan_user_id': '93618197', 'liuyan_time': '2017-10-17 16:00:04'}]"
85460273,helloamy,19,19,13,593,19,[],19,0,[]
85461141,gejii,14,23,3,484,12,[],24,0,[]
85467918,fionn.,19,20,6,521,12,[],25,0,[]
85522736,wurong,19,18,21,534,16,[],25,0,[]
85599341,youwu,15,18,12,451,7,[],28,0,[]
85649663,an宁丫丫,16,21,10,447,22,[],29,0,[]
85684882,李雪王亚彬,10,18,10,515,8,[],16,0,[]
85791649,lizeng,16,25,9,420,14,[],36,0,[]
85894609,sylviaxiang,14,24,8,531,16,[],28,0,[]
85944446,自驾狂于乐乐,18,14,23,541,14,[],17,0,[]
85944984,alice_shu,11,23,5,632,10,[],18,1,"[{'liuyan_user_id': '38340617', 'liuyan_time': '2018-05-03 08:05:25'}]"
86018305,linyinxia,17,22,10,445,10,[],19,0,[]
86054912,lipeihao,19,15,12,717,11,[],23,0,[]
86056932,wangguiheng,15,22,5,499,7,[],22,0,[]
86094088,papaya,17,23,4,505,12,[],24,0,[]
86336049,smile,15,15,11,469,9,[],24,0,[]
86369165,wenxin,13,22,10,557,14,[],28,2,"[{'liuyan_user_id': '316526', 'liuyan_time': '2018-01-27 12:53:51'}, {'liuyan_user_id': '316526', 'liuyan_time': '2018-01-27 10:41:50'}]"
86410385,music在放肆,14,27,14,497,12,[],25,0,[]
86529931,dage_lee,17,29,13,693,14,[],12,0,[]
86610243,suimengxing,18,24,14,534,12,[],22,0,[]
81883179,vanlle,19,18,14,524,17,[],25,0,[]
81955158,天使鸡肉女,17,24,9,483,12,[],19,0,[]
82222697,yksevol,10,20,12,487,14,[],20,0,[]
82225660,doris_ljr,19,21,3,527,13,[],23,0,[]
82236215,cande的兔子,16,24,9,554,13,[],20,0,[]
82273394,bendan,17,20,16,627,12,[],24,0,[]
82317730,naruto,15,20,6,557,21,[],11,0,[]
82346134,evianbi,17,22,9,431,10,[],24,0,[]
82375217,carol__love,13,20,12,451,11,[],25,1,"[{'liuyan_user_id': '78896125', 'liuyan_time': '2016-04-14 15:48:44'}]"
82405688,ximoon,19,21,15,516,14,[],19,0,[]
82432228,magicangilina,20,16,12,483,14,[],30,0,[]
82481840,selina,18,19,12,497,15,[],32,0,[]
82494618,川流不息v,18,23,11,515,13,[],18,1,"[{'liuyan_user_id': '67075898', 'liuyan_time': '2016-03-04 09:39:43'}]"
82579761,rmvsmulisa,16,14,12,583,15,[],27,0,[]
82631115,ihicfiw,15,9,13,452,20,[],28,0,[]
82666594,猪宝宝青青,15,24,13,487,20,[],17,2,"[{'liuyan_user_id': '93618197', 'liuyan_time': '2017-11-24 09:51:08'}, {'liuyan_user_id': '93618197', 'liuyan_time': '2017-11-20 16:09:15'}]"
82712984,gzceci,19,19,1,279,9,[],18,0,[]
82770185,糖不甩nancy,12,21,10,528,15,[],22,0,[]
82774539,地球,37,204,240,11667,392,[],1,5,"[{'liuyan_user_id': '91261712', 'liuyan_time': '2018-10-17 23:41:34'}, {'liuyan_user_id': '91261712', 'liuyan_time': '2018-10-17 23:40:44'}, {'liuyan_user_id': '82774539', 'liuyan_time': '2016-11-17 09:05:53'}, {'liuyan_user_id': '42901104', 'liuyan_time': '2016-11-15 20:03:01'}, {'liuyan_user_id': '82774539', 'liuyan_time': '2016-10-21 09:41:15'}]"
82854228,smallyu,12,15,7,538,15,[],16,0,[]
82884748,christina,19,18,8,577,6,[],27,2,"[{'liuyan_user_id': '93618197', 'liuyan_time': '2017-10-22 09:24:33'}, {'liuyan_user_id': '93618197', 'liuyan_time': '2017-10-17 15:55:43'}]"
82898070,smthbamboo,17,22,16,497,11,[],18,0,[]
82928260,bairui,17,12,11,495,11,[],23,0,[]
82966033,mangbaobao,17,21,8,851,14,[],20,1,"[{'liuyan_user_id': '93618197', 'liuyan_time': '2018-12-18 09:44:39'}]"
82988682,回家的阿童木,17,21,12,483,15,[],27,0,[]
83127271,linnahl,18,24,10,551,13,[],31,0,[]
83137503,somethingu,13,15,11,526,15,[],23,0,[]
83139894,zhouwei_zw,15,20,7,412,16,[],29,2,"[{'liuyan_user_id': '93376327', 'liuyan_time': '2017-01-06 20:13:22'}, {'liuyan_user_id': '57533975', 'liuyan_time': '2016-11-14 11:31:09'}]"
83192278,马蜂窝用户,5,25,0,46,0,[],0,0,[]
83205297,繁华如三千东流水,18,19,13,535,18,[],34,0,[]
83236756,elenana,16,24,12,560,15,[],29,0,[]
83299059,yellowstar,17,16,10,534,14,[],24,0,[]
83354994,kimll,18,23,7,683,12,[],22,0,[]
83528361,someonewangheng,18,17,15,605,13,[],24,0,[]
83577240,jeanvince,14,24,12,399,15,[],19,0,[]
83620470,barryyiu,16,30,9,447,13,[],29,0,[]
83760039,youngyoung,15,25,12,502,13,[],22,0,[]
83761643,juner,15,19,13,481,18,[],25,0,[]
83857685,xiaoyongdongdong,18,21,9,518,10,[],22,1,"[{'liuyan_user_id': '93618197', 'liuyan_time': '2017-09-15 08:10:26'}]"
83868081,danielalice,18,23,9,476,22,[],35,3,"[{'liuyan_user_id': '50689993', 'liuyan_time': '2017-05-24 11:45:22'}, {'liuyan_user_id': '50689993', 'liuyan_time': '2017-05-24 11:45:17'}, {'liuyan_user_id': '69440162', 'liuyan_time': '2016-11-16 04:37:53'}]"
84098086,tingcandy,18,24,15,485,17,[],27,0,[]
84109163,shimifwpc,19,24,11,579,15,[],15,0,[]
84157495,四叶三叶草,19,15,14,516,14,[],26,0,[]
84172414,tangzx_tang,19,13,7,460,14,[],26,0,[]
84212854,chamonixdl,19,20,14,621,12,[],29,0,[]
84225018,arielchen,20,20,9,525,12,[],31,0,[]
84267109,youyoudanny,16,13,8,426,10,[],15,1,"[{'liuyan_user_id': '93618197', 'liuyan_time': '2018-12-25 08:50:11'}]"
84305867,tintin,20,17,15,662,14,[],24,1,"[{'liuyan_user_id': '17177818', 'liuyan_time': '2016-02-29 21:04:49'}]"
84643995,lsliii,18,23,7,503,9,[],24,1,"[{'liuyan_user_id': '93618197', 'liuyan_time': '2018-10-16 08:28:11'}]"
84659932,气你直冒烟,18,26,15,504,9,[],21,0,[]
84671483,广州滨江东,19,22,12,622,8,[],26,0,[]
84706620,s_flesh,11,25,7,435,9,[],19,1,"[{'liuyan_user_id': '93618197', 'liuyan_time': '2018-03-29 17:02:12'}]"
84746018,马蜂窝用户,18,19,7,445,16,[],22,0,[]
84752565,loveyanzi,18,19,10,489,14,[],28,1,"[{'liuyan_user_id': '17494445', 'liuyan_time': '2017-09-22 12:13:41'}]"
84758316,fincle,15,24,13,647,10,[],22,3,"[{'liuyan_user_id': '40023476', 'liuyan_time': '2017-08-04 11:01:06'}, {'liuyan_user_id': '40023476', 'liuyan_time': '2017-08-04 11:01:06'}, {'liuyan_user_id': '40023476', 'liuyan_time': '2017-08-04 11:01:06'}]"
84764054,雯子pooh,17,16,9,517,19,[],22,0,[]
84859753,dianeqi,20,22,14,531,15,[],21,0,[]
85054157,卡玛尼娃娃,13,24,8,530,13,[],26,0,[]
85112264,genietarring,19,24,9,639,13,[],22,0,[]
85142184,maoyao002,18,38,1,98,0,[],0,0,[]
85271067,mimipei,16,24,7,502,13,[],19,0,[]
85306316,xiaopbenben,20,23,16,580,18,[],22,0,[]
85310642,intorkey,15,19,8,513,8,[],21,0,[]
85336031,multiverse,15,19,10,525,16,[],31,0,[]
85412484,april_shu,17,20,5,489,14,[],20,0,[]
85413199,baihui,15,16,13,489,14,[],25,0,[]
85458895,yuanjing,15,23,8,526,13,[],12,1,"[{'liuyan_user_id': '93618197', 'liuyan_time': '2017-10-17 16:00:04'}]"
85460273,helloamy,19,19,13,593,19,[],19,0,[]
85461141,gejii,14,23,3,484,12,[],24,0,[]
85467918,fionn.,19,20,6,521,12,[],25,0,[]
85522736,wurong,19,18,21,534,16,[],25,0,[]
85599341,youwu,15,18,12,451,7,[],28,0,[]
85649663,an宁丫丫,16,21,10,447,22,[],29,0,[]
85684882,李雪王亚彬,10,18,10,515,8,[],16,0,[]
85791649,lizeng,16,25,9,420,14,[],36,0,[]
85894609,sylviaxiang,14,24,8,531,16,[],28,0,[]
85944446,自驾狂于乐乐,18,14,23,541,14,[],17,0,[]
85944984,alice_shu,11,23,5,632,10,[],18,1,"[{'liuyan_user_id': '38340617', 'liuyan_time': '2018-05-03 08:05:25'}]"
86018305,linyinxia,17,22,10,445,10,[],19,0,[]
86054912,lipeihao,19,15,12,717,11,[],23,0,[]
86056932,wangguiheng,15,22,5,499,7,[],22,0,[]
86094088,papaya,17,23,4,505,12,[],24,0,[]
86336049,smile,15,15,11,469,9,[],24,0,[]
86369165,wenxin,13,22,10,557,14,[],28,2,"[{'liuyan_user_id': '316526', 'liuyan_time': '2018-01-27 12:53:51'}, {'liuyan_user_id': '316526', 'liuyan_time': '2018-01-27 10:41:50'}]"
86410385,music在放肆,14,27,14,497,12,[],25,0,[]
86529931,dage_lee,17,29,13,693,14,[],12,0,[]
86610243,suimengxing,18,24,14,534,12,[],22,0,[]
86610243,suimengxing,18,24,14,536,12,[],22,0,[]
86801237,ljnicole,17,24,7,496,12,[],29,0,[]
86803271,jasontjj,17,19,6,531,5,[],22,0,[]
86873404,yes_i_will,19,23,11,608,9,[],19,0,[]
86927115,harry_yu_wang,18,19,10,602,9,[],17,0,[]
86951749,kexiaoyan,16,23,12,408,14,[],27,1,"[{'liuyan_user_id': '91609909', 'liuyan_time': '2018-07-12 19:08:37'}]"
87075150,王珏温楠楠,20,22,7,574,13,[],26,0,[]
87078533,rysally,15,18,8,440,13,[],32,0,[]
87095500,qqueencat,20,20,10,492,6,[],31,0,[]
87159983,鬼林copy,14,23,8,460,14,[],33,0,[]
87250683,大山大水,30,812,37,483,459,[],3,0,[]
87316835,程小程ehcy,19,19,12,638,12,[],22,0,[]
87326273,宝宝de窝,19,15,7,475,10,[],29,0,[]
87329436,pppzy,17,26,9,501,12,[],30,0,[]
87352142,sunnatayu,18,19,10,573,13,[],26,1,"[{'liuyan_user_id': '316526', 'liuyan_time': '2018-02-05 13:41:05'}]"
87518716,bevinjoin,18,28,13,426,9,[],20,0,[]
87966253,甜甜甜太甜,17,19,10,285,19,[],18,0,[]
88058768,猫鼻子昊昊,14,20,11,264,16,[],29,0,[]
88072306,tommey,16,22,12,211,18,[],31,1,"[{'liuyan_user_id': '93618197', 'liuyan_time': '2018-12-30 08:44:34'}]"
88303052,freeflyjane,19,21,5,254,12,[],24,0,[]
88358661,momoys,16,15,12,300,10,[],16,0,[]
88590900,溪崖舞,33,1083,487,6549,1173,[],20,0,[]
89972235,wangxin_,14,20,9,224,13,[],27,0,[]
90510515,tiffany果儿,31,169,188,3467,337,[],15,3,"[{'liuyan_user_id': '90510515', 'liuyan_time': '2016-05-30 22:39:22'}, {'liuyan_user_id': '19254316', 'liuyan_time': '2016-05-13 12:24:57'}, {'liuyan_user_id': '90510515', 'liuyan_time': '2015-08-05 15:37:37'}]"
91477943,马蜂窝用户,7,57,4,31,15,[],0,0,[]
92608181,dongyk,19,2,1871,3192,103,[],0,0,[]
93075715,牛小momo,17,258,1,133,109,[],0,0,[]
93080164,墨雪,16,246,17,215,150,[],0,0,[]
93333879,蒲公英,17,116,152,406,42,[],0,0,[]
